# Blender 4.0.2
# www.blender.org
mtllib 1.mtl
o Sphere
v -0.834849 0.496612 -0.352648
v -0.940561 0.434207 -0.360355
v -1.020673 1.180300 3.496446
v -0.938483 1.165325 3.406172
v 1.020673 1.180301 3.496448
v 0.938483 1.165326 3.406173
v 0.834849 0.496613 -0.352648
v 0.940562 0.434208 -0.360355
v -0.930993 1.456466 2.893981
v -0.844418 1.422041 2.813677
v 0.930992 1.456466 2.893982
v 0.844418 1.422041 2.813678
v 0.732936 0.243821 -0.426124
v 0.806344 0.152715 -0.388179
v -0.732936 0.243821 -0.426124
v -0.806343 0.152714 -0.388179
v -0.815384 1.583285 2.166677
v -0.723895 1.530876 2.103338
v 0.815384 1.583285 2.166678
v 0.723895 1.530876 2.103338
v 0.633258 -0.061122 -0.455226
v 0.704267 0.027027 -0.407095
v -0.633258 -0.061122 -0.455226
v -0.704267 0.027027 -0.407095
v -0.715457 1.589300 1.506772
v -0.622068 1.521946 1.463518
v 0.715457 1.589301 1.506772
v 0.622068 1.521947 1.463517
v 0.558630 -0.259265 -0.448002
v 0.630507 -0.164952 -0.415327
v -0.558629 -0.259265 -0.448002
v -0.630508 -0.164952 -0.415327
v -0.640309 1.514116 0.964699
v -0.548828 1.435454 0.940768
v 0.640308 1.514116 0.964699
v 0.548828 1.435454 0.940768
v 0.507636 -0.453201 -0.409460
v 0.580788 -0.355467 -0.394432
v -0.507636 -0.453201 -0.409460
v -0.580788 -0.355467 -0.394432
v -0.588080 1.385622 0.534230
v -0.500344 1.299553 0.529376
v 0.588080 1.385622 0.534230
v 0.500344 1.299553 0.529376
v 0.475923 -0.648465 -0.330347
v 0.550639 -0.550887 -0.335344
v -0.475923 -0.648465 -0.330347
v -0.550640 -0.550886 -0.335344
v -0.555125 1.221838 0.198427
v -0.471438 1.133061 0.214051
v 0.555125 1.221838 0.198427
v 0.471438 1.133060 0.214051
v 0.536102 -0.835036 -0.245782
v 0.461091 -0.759566 -0.184083
v -0.536102 -0.835036 -0.245782
v -0.461092 -0.759567 -0.184083
v -0.538416 1.035244 -0.057645
v -0.458777 0.949539 -0.019681
v 0.538416 1.035244 -0.057646
v 0.458777 0.949539 -0.019680
v 0.538416 -1.035244 -0.057646
v 0.458777 -0.949539 -0.019681
v -0.538416 -1.035244 -0.057645
v -0.458777 -0.949539 -0.019681
v -0.536102 0.835036 -0.245783
v -0.461092 0.759566 -0.184083
v 0.536102 0.835036 -0.245782
v 0.461091 0.759566 -0.184083
v 0.555125 -1.221838 0.198427
v 0.471438 -1.133061 0.214051
v -0.555125 -1.221838 0.198427
v -0.471438 -1.133061 0.214051
v -0.475923 0.648465 -0.330347
v -0.550639 0.550886 -0.335344
v 0.475923 0.648465 -0.330347
v 0.550639 0.550886 -0.335344
v 0.588080 -1.385622 0.534230
v 0.500344 -1.299554 0.529376
v -0.588080 -1.385622 0.534230
v -0.500344 -1.299554 0.529376
v -0.507636 0.453201 -0.409460
v -0.580788 0.355467 -0.394432
v 0.507636 0.453201 -0.409460
v 0.580788 0.355467 -0.394432
v 0.640309 -1.514117 0.964699
v 0.548829 -1.435455 0.940768
v -0.640309 -1.514116 0.964699
v -0.548829 -1.435455 0.940768
v -0.558630 0.259265 -0.448002
v -0.630508 0.164952 -0.415327
v 0.558629 0.259265 -0.448002
v 0.630508 0.164952 -0.415327
v 0.715457 -1.589301 1.506772
v 0.622068 -1.521947 1.463518
v -0.715457 -1.589301 1.506772
v -0.622068 -1.521947 1.463517
v -0.633258 0.061122 -0.455226
v -0.704267 -0.027027 -0.407095
v 0.633258 0.061122 -0.455226
v 0.704267 -0.027027 -0.407095
v 0.815385 -1.583286 2.166679
v 0.723895 -1.530876 2.103339
v -0.815385 -1.583286 2.166678
v -0.723895 -1.530876 2.103338
v -0.732936 -0.243821 -0.426124
v -0.806344 -0.152715 -0.388180
v 0.732936 -0.243822 -0.426124
v 0.806344 -0.152715 -0.388179
v 0.930993 -1.456467 2.893983
v 0.844419 -1.422041 2.813678
v -0.930993 -1.456467 2.893982
v -0.844418 -1.422042 2.813678
v -0.834849 -0.496613 -0.352648
v -0.940562 -0.434208 -0.360355
v 0.834849 -0.496613 -0.352648
v 0.940562 -0.434208 -0.360355
v 1.020673 -1.180304 3.496447
v 0.938482 -1.165329 3.406172
v -1.020673 -1.180304 3.496447
v -0.938483 -1.165329 3.406172
v -0.112022 0.496613 0.899325
v -0.158204 0.434207 0.994728
v 0.722827 0.496614 -0.546676
v 0.782358 0.434209 -0.634373
v -2.517676 1.180303 -2.632152
v -2.480591 1.165328 -2.515836
v -3.538349 1.180302 -0.864295
v -3.419074 1.165327 -0.890336
v -2.971759 1.456466 -0.640728
v -2.858926 1.422041 -0.675551
v 0.002566 0.243821 0.847803
v -0.066999 0.152714 0.892404
v 0.735502 0.243822 -0.421679
v 0.739345 0.152715 -0.504225
v -2.040766 1.456467 -2.253254
v -2.014507 1.422042 -2.138127
v -2.284090 1.583285 -0.377196
v -2.183492 1.530876 -0.424758
v 0.077608 -0.061122 0.776030
v 0.000421 0.027027 0.813460
v 0.710866 -0.061122 -0.320805
v 0.704688 0.027027 -0.406366
v -1.468707 1.583286 -1.789484
v -1.459597 1.530876 -1.678582
v -1.662631 1.589301 -0.133782
v -1.578478 1.521947 -0.193032
v 0.108666 -0.259265 0.707788
v 0.044430 -0.164952 0.753699
v 0.667295 -0.259265 -0.259786
v 0.674938 -0.164952 -0.338372
v -0.947175 1.589301 -1.372990
v -0.956410 1.521947 -1.270486
v -1.155608 1.514116 0.072174
v -1.089143 1.435454 0.004915
v 0.100785 -0.453201 0.644356
v 0.051194 -0.355467 0.700193
v 0.608421 -0.453201 -0.234896
v 0.631983 -0.355467 -0.305761
v -0.515300 1.514117 -1.036874
v -0.540315 1.435455 -0.945684
v -0.756698 1.385622 0.242177
v -0.708625 1.299554 0.168622
v 0.048127 -0.648465 0.577335
v 0.015097 -0.550887 0.644540
v 0.524051 -0.648465 -0.246988
v 0.565736 -0.550886 -0.309195
v -0.168617 1.385622 -0.776408
v -0.208281 1.299554 -0.697999
v -0.449405 1.221838 0.381538
v -0.421092 1.133061 0.301252
v -0.055197 -0.835036 0.587169
v -0.071125 -0.759567 0.491358
v 0.480905 -0.835036 -0.341386
v 0.389966 -0.759567 -0.307276
v 0.105720 1.221838 -0.579966
v 0.050345 1.133061 -0.515303
v -0.219285 1.035244 0.495105
v -0.212345 0.949539 0.407153
v -0.219286 -1.035244 0.495105
v -0.212345 -0.949539 0.407153
v 0.319130 -1.035244 -0.437459
v 0.246432 -0.949539 -0.387472
v 0.319130 1.035244 -0.437459
v 0.246432 0.949539 -0.387472
v -0.055197 0.835036 0.587169
v -0.071125 0.759567 0.491358
v -0.449405 -1.221838 0.381538
v -0.421092 -1.133061 0.301251
v 0.105720 -1.221838 -0.579966
v 0.050345 -1.133061 -0.515303
v 0.480905 0.835036 -0.341386
v 0.389966 0.759567 -0.307276
v 0.048127 0.648465 0.577335
v 0.015097 0.550886 0.644540
v -0.756698 -1.385622 0.242177
v -0.708625 -1.299554 0.168623
v -0.168617 -1.385622 -0.776408
v -0.208281 -1.299553 -0.697999
v 0.524050 0.648465 -0.246988
v 0.565736 0.550886 -0.309195
v 0.100785 0.453201 0.644356
v 0.051194 0.355467 0.700193
v -1.155608 -1.514117 0.072174
v -1.089144 -1.435455 0.004915
v -0.515299 -1.514116 -1.036873
v -0.540315 -1.435454 -0.945684
v 0.608421 0.453201 -0.234896
v 0.631983 0.355467 -0.305761
v 0.108666 0.259265 0.707788
v 0.044430 0.164952 0.753699
v -1.662631 -1.589301 -0.133782
v -1.578477 -1.521947 -0.193032
v -0.947175 -1.589301 -1.372990
v -0.956409 -1.521947 -1.270486
v 0.667296 0.259265 -0.259786
v 0.674938 0.164952 -0.338372
v 0.077608 0.061122 0.776031
v 0.000421 -0.027027 0.813460
v -2.284091 -1.583286 -0.377196
v -2.183492 -1.530876 -0.424758
v -1.468706 -1.583285 -1.789483
v -1.459597 -1.530876 -1.678581
v 0.710866 0.061122 -0.320805
v 0.704688 -0.027027 -0.406366
v 0.002566 -0.243822 0.847803
v -0.066999 -0.152715 0.892404
v -2.971759 -1.456466 -0.640728
v -2.858926 -1.422042 -0.675551
v -2.040766 -1.456466 -2.253255
v -2.014508 -1.422042 -2.138127
v 0.735502 -0.243822 -0.421679
v 0.739345 -0.152715 -0.504225
v -0.112022 -0.496613 0.899325
v -0.158204 -0.434208 0.994728
v -3.538348 -1.180304 -0.864295
v -3.419073 -1.165329 -0.890336
v -2.517675 -1.180304 -2.632151
v -2.480590 -1.165329 -2.515835
v 0.722827 -0.496613 -0.546676
v 0.782358 -0.434208 -0.634373
v 0.000000 0.787143 1.070430
v 0.000000 0.767236 1.191808
v 0.927019 0.787144 -0.535215
v 1.032136 0.767237 -0.595904
v -0.927019 0.787143 -0.535215
v -1.032136 0.767237 -0.595904
v 2.517675 1.180305 -2.632152
v 2.480591 1.165330 -2.515836
v -0.722827 0.496614 -0.546677
v -0.782358 0.434209 -0.634374
v 0.112022 0.496613 0.899325
v 0.158204 0.434208 0.994728
v 3.538349 1.180305 -0.864295
v 3.419074 1.165329 -0.890336
v 2.040767 1.456467 -2.253255
v 2.014508 1.422042 -2.138127
v -0.735502 0.243822 -0.421679
v -0.739345 0.152715 -0.504225
v -0.002566 0.243821 0.847803
v 0.066999 0.152715 0.892404
v 2.971759 1.456467 -0.640728
v 2.858926 1.422042 -0.675551
v 1.468707 1.583286 -1.789483
v 1.459597 1.530876 -1.678581
v -0.710866 -0.061122 -0.320805
v -0.704688 0.027027 -0.406366
v -0.077608 -0.061122 0.776031
v -0.000421 0.027027 0.813461
v 2.284091 1.583286 -0.377195
v 2.183493 1.530876 -0.424758
v 0.947175 1.589301 -1.372991
v 0.956410 1.521947 -1.270486
v -0.667295 -0.259265 -0.259787
v -0.674938 -0.164952 -0.338372
v -0.108666 -0.259265 0.707788
v -0.044430 -0.164952 0.753699
v 1.662631 1.589301 -0.133783
v 1.578477 1.521947 -0.193032
v 0.515300 1.514116 -1.036873
v 0.540316 1.435455 -0.945683
v -0.608421 -0.453201 -0.234896
v -0.631983 -0.355467 -0.305761
v -0.100785 -0.453201 0.644356
v -0.051194 -0.355467 0.700194
v 1.155609 1.514116 0.072174
v 1.089144 1.435454 0.004915
v 0.168618 1.385622 -0.776408
v 0.208281 1.299554 -0.697999
v -0.524051 -0.648465 -0.246988
v -0.565736 -0.550886 -0.309196
v -0.048128 -0.648465 0.577335
v -0.015097 -0.550886 0.644540
v 0.756697 1.385622 0.242177
v 0.708625 1.299554 0.168623
v -0.105719 1.221838 -0.579966
v -0.050345 1.133061 -0.515303
v -0.480905 -0.835036 -0.341387
v -0.389966 -0.759567 -0.307275
v 0.055197 -0.835036 0.587169
v 0.071125 -0.759567 0.491359
v 0.449405 1.221838 0.381538
v 0.421092 1.133061 0.301252
v -0.319130 1.035244 -0.437459
v -0.246432 0.949539 -0.387473
v -0.319131 -1.035244 -0.437459
v -0.246432 -0.949539 -0.387473
v 0.219286 -1.035244 0.495104
v 0.212345 -0.949539 0.407153
v 0.219286 1.035244 0.495104
v 0.212344 0.949539 0.407153
v -0.480905 0.835036 -0.341387
v -0.389967 0.759566 -0.307275
v -0.105719 -1.221838 -0.579966
v -0.050345 -1.133061 -0.515302
v 0.449405 -1.221838 0.381538
v 0.421093 -1.133061 0.301251
v 0.055197 0.835036 0.587169
v 0.071125 0.759566 0.491359
v -0.524051 0.648464 -0.246988
v -0.565736 0.550886 -0.309196
v 0.168618 -1.385622 -0.776408
v 0.208281 -1.299554 -0.697999
v 0.756698 -1.385623 0.242177
v 0.708625 -1.299554 0.168623
v -0.048128 0.648465 0.577335
v -0.015097 0.550886 0.644540
v -0.608421 0.453201 -0.234896
v -0.631983 0.355467 -0.305761
v 0.515300 -1.514117 -1.036873
v 0.540315 -1.435455 -0.945683
v 1.155608 -1.514117 0.072174
v 1.089144 -1.435455 0.004915
v -0.100785 0.453201 0.644356
v -0.051194 0.355467 0.700194
v -0.667295 0.259265 -0.259787
v -0.674938 0.164952 -0.338372
v 0.947175 -1.589301 -1.372991
v 0.956410 -1.521947 -1.270486
v 1.662631 -1.589301 -0.133782
v 1.578478 -1.521947 -0.193032
v -0.108666 0.259265 0.707788
v -0.044430 0.164952 0.753699
v -0.710866 0.061122 -0.320805
v -0.704688 -0.027027 -0.406366
v 1.468706 -1.583286 -1.789483
v 1.459597 -1.530876 -1.678581
v 2.284091 -1.583286 -0.377195
v 2.183492 -1.530876 -0.424757
v -0.077608 0.061122 0.776031
v -0.000421 -0.027027 0.813461
v -0.735502 -0.243821 -0.421679
v -0.739345 -0.152715 -0.504225
v 2.040766 -1.456467 -2.253254
v 2.014507 -1.422042 -2.138127
v 2.971759 -1.456466 -0.640728
v 2.858926 -1.422042 -0.675551
v -0.002566 -0.243822 0.847803
v 0.066999 -0.152715 0.892404
v -0.722827 -0.496613 -0.546677
v -0.782358 -0.434208 -0.634373
v 2.517676 -1.180304 -2.632152
v 2.480591 -1.165329 -2.515836
v 3.538348 -1.180304 -0.864295
v 3.419073 -1.165329 -0.890336
v 0.112022 -0.496613 0.899325
v 0.158204 -0.434208 0.994728
v -0.927019 -0.787142 -0.535215
v -1.032136 -0.767236 -0.595904
v 0.927019 -0.787142 -0.535215
v 1.032136 -0.767235 -0.595904
v -0.000000 -0.787142 1.070430
v -0.000000 -0.767235 1.191808
v -0.712293 -0.243181 -0.422453
v 1.343745 -1.512168 -1.609507
v -0.722002 -1.512168 1.968471
v -0.722002 -0.243181 -0.405637
v -0.125776 1.116645 -0.483384
v -0.592638 -0.660480 -0.213841
v -0.481511 -0.660480 -0.406318
v -0.481511 1.116645 0.132766
v -0.716467 -0.497311 -0.547936
v 1.881619 -1.407354 -2.047941
v -0.832760 -1.407354 2.653501
v -0.832760 -0.497311 -0.346511
v -0.318882 0.930966 -0.355988
v -0.461058 -0.735876 -0.273902
v -0.467735 -0.735876 -0.262336
v -0.467735 0.930966 -0.098166
v 0.918945 -0.790980 -0.530553
v 0.918945 -1.160930 3.225610
v -2.333987 -1.160930 -2.408634
v -0.461058 0.735876 -0.273902
v -0.318882 -0.930966 -0.355988
v -0.467735 -0.930966 -0.098166
v -0.467735 0.735876 -0.262336
v 2.333988 1.160931 -2.408635
v -0.918945 0.790981 -0.530553
v -0.918945 1.160927 3.225610
v -0.918945 -0.790980 -0.530553
v 2.333988 -1.160930 -2.408635
v -0.918945 -1.160930 3.225610
v -0.592638 0.660480 -0.213842
v -0.125776 -1.116645 -0.483384
v -0.481511 -1.116645 0.132766
v -0.481511 0.660480 -0.406318
v 0.918945 1.160928 3.225611
v 0.918945 0.790982 -0.530553
v -2.333988 1.160930 -2.408635
v -0.681390 0.463749 -0.196106
v 0.127261 -1.283173 -0.662981
v -0.510527 -1.283173 0.441701
v -0.510527 0.463749 -0.492048
v 0.854976 1.503104 -1.218044
v -0.804594 -0.069568 -0.259891
v -0.627368 -0.069568 -0.566853
v -0.627369 1.503103 1.349452
v -0.748356 0.269005 -0.211990
v 0.450568 -1.417889 -0.904189
v -0.557767 -1.417889 0.842298
v -0.557767 0.269005 -0.542100
v 0.450568 1.417889 -0.904189
v -0.748356 -0.269005 -0.211990
v -0.557767 -0.269005 -0.542100
v -0.557767 1.417889 0.842298
v -0.804593 0.069568 -0.259890
v 0.854976 -1.503104 -1.218044
v -0.627369 -1.503103 1.349452
v -0.627369 0.069567 -0.566853
v 0.127262 1.283173 -0.662981
v -0.681390 -0.463749 -0.196106
v -0.510527 -0.463749 -0.492048
v -0.510527 1.283173 0.441701
v -1.008335 1.417889 0.061891
v 0.190589 -0.269005 0.754091
v -0.190589 -0.269005 0.754090
v 1.008335 1.417889 0.061892
v 0.177225 0.069568 0.826743
v -1.482344 -1.503104 -0.131409
v 1.482344 -1.503103 -0.131409
v -0.177225 0.069567 0.826744
v -0.637789 1.283173 0.221279
v 0.170862 -0.463749 0.688153
v -0.170862 -0.463749 0.688154
v 0.637789 1.283173 0.221279
v -0.009709 -0.243181 0.828090
v -2.065747 -1.512168 -0.358964
v 2.065747 -1.512168 -0.358963
v 0.009709 -0.243181 0.828090
v -0.355734 1.116645 0.350617
v 0.111126 -0.660480 0.620160
v -0.111127 -0.660480 0.620160
v 0.355734 1.116645 0.350617
v -0.116293 -0.497310 0.894447
v -2.714380 -1.407354 -0.605560
v 2.714379 -1.407354 -0.605559
v 0.116293 -0.497311 0.894446
v -0.148853 0.930966 0.454154
v -0.006678 -0.735876 0.536239
v 0.006678 -0.735876 0.536239
v 0.148853 0.930966 0.454154
v -0.000000 -0.790980 1.061106
v -3.252933 -1.160930 -0.816975
v 3.252933 -1.160930 -0.816975
v -0.006678 0.735876 0.536239
v -0.148853 -0.930966 0.454154
v 0.148853 -0.930966 0.454154
v 0.006678 0.735876 0.536239
v -2.065746 1.512168 -0.358964
v -0.009709 0.243181 0.828091
v 0.009709 0.243180 0.828090
v 2.065748 1.512168 -0.358964
v 0.111126 0.660481 0.620160
v -0.355734 -1.116645 0.350617
v 0.355735 -1.116645 0.350617
v -0.111127 0.660480 0.620160
v -3.252934 1.160929 -0.816975
v 0.000000 0.790980 1.061107
v 3.252934 1.160931 -0.816975
v 0.170862 0.463749 0.688153
v -0.637789 -1.283173 0.221279
v 0.637789 -1.283173 0.221279
v -0.170862 0.463749 0.688154
v -1.482344 1.503103 -0.131409
v 0.177225 -0.069568 0.826743
v -0.177225 -0.069567 0.826744
v 1.482344 1.503103 -0.131409
v 0.190589 0.269005 0.754091
v -1.008335 -1.417889 0.061891
v 1.008335 -1.417890 0.061892
v -0.190590 0.269005 0.754090
v 0.467735 0.930966 -0.098166
v 0.467735 -0.735876 -0.262336
v 0.461058 -0.735876 -0.273902
v 0.318882 0.930966 -0.355987
v 1.343745 1.512168 -1.609507
v -0.712292 0.243180 -0.422453
v -0.722002 0.243181 -0.405637
v -0.722002 1.512167 1.968470
v -2.714379 1.407354 -0.605560
v -0.116292 0.497310 0.894446
v 0.116293 0.497310 0.894446
v 2.714379 1.407354 -0.605559
v 0.467735 0.735876 -0.262336
v 0.467735 -0.930966 -0.098167
v 0.318882 -0.930966 -0.355987
v 0.461058 0.735876 -0.273902
v 0.832759 1.407354 2.653501
v 0.832760 0.497310 -0.346511
v 0.716467 0.497311 -0.547936
v -1.881619 1.407354 -2.047942
v 0.481511 0.660480 -0.406318
v 0.481511 -1.116645 0.132766
v 0.125776 -1.116645 -0.483384
v 0.592637 0.660480 -0.213841
v 0.722002 1.512168 1.968471
v 0.722002 0.243181 -0.405637
v 0.712293 0.243181 -0.422453
v -1.343745 1.512168 -1.609508
v 0.510527 0.463749 -0.492048
v 0.510527 -1.283173 0.441702
v -0.127261 -1.283173 -0.662980
v 0.681390 0.463749 -0.196106
v 0.627369 1.503103 1.349452
v 0.627368 -0.069568 -0.566853
v 0.804593 -0.069568 -0.259891
v -0.854976 1.503104 -1.218044
v 0.557767 0.269005 -0.542101
v 0.557767 -1.417889 0.842298
v -0.450568 -1.417889 -0.904189
v 0.748356 0.269005 -0.211990
v 0.557767 1.417889 0.842298
v 0.557767 -0.269005 -0.542100
v 0.748356 -0.269005 -0.211990
v -0.450568 1.417889 -0.904190
v 0.627369 0.069568 -0.566853
v 0.627368 -1.503103 1.349452
v -0.854976 -1.503103 -1.218043
v 0.804593 0.069568 -0.259891
v 0.510527 1.283173 0.441701
v 0.510527 -0.463749 -0.492048
v 0.681390 -0.463749 -0.196106
v -0.127261 1.283173 -0.662980
v 0.722002 -0.243181 -0.405637
v 0.722002 -1.512168 1.968471
v -1.343745 -1.512168 -1.609507
v 0.712293 -0.243181 -0.422453
v 0.481511 1.116644 0.132766
v 0.481511 -0.660480 -0.406318
v 0.592637 -0.660480 -0.213841
v 0.125776 1.116645 -0.483384
v 0.832760 -0.497311 -0.346511
v 0.832760 -1.407354 2.653502
v -1.881620 -1.407354 -2.047942
v 0.716467 -0.497311 -0.547936
v -0.827647 0.476643 -0.296036
v -0.916602 1.161579 3.390844
v 0.916602 1.161580 3.390845
v 0.827647 0.476643 -0.296036
v -0.824089 1.417379 2.796350
v 0.824089 1.417380 2.796351
v 0.710186 0.220142 -0.349673
v -0.710186 0.220142 -0.349673
v -0.706044 1.524923 2.082585
v 0.706044 1.524924 2.082585
v 0.609289 0.015110 -0.378737
v -0.609289 0.015109 -0.378737
v -0.605488 1.513930 1.439935
v 0.605488 1.513930 1.439935
v 0.534793 -0.170415 -0.386455
v -0.534794 -0.170415 -0.386455
v -0.531717 1.424897 0.916769
v 0.531717 1.424898 0.916769
v 0.484035 -0.354447 -0.365981
v -0.484034 -0.354447 -0.365981
v -0.481811 1.286404 0.506791
v 0.481811 1.286403 0.506791
v 0.452669 -0.543491 -0.307834
v -0.452670 -0.543491 -0.307834
v -0.451332 1.117302 0.193411
v 0.451332 1.117302 0.193411
v 0.437542 -0.737154 -0.202104
v -0.437542 -0.737154 -0.202105
v -0.437097 0.930891 -0.038663
v 0.437097 0.930892 -0.038663
v 0.437097 -0.930892 -0.038663
v -0.437097 -0.930892 -0.038663
v -0.437542 0.737154 -0.202105
v 0.437542 0.737154 -0.202104
v 0.451332 -1.117302 0.193411
v -0.451332 -1.117302 0.193411
v -0.452669 0.543491 -0.307834
v 0.452669 0.543491 -0.307834
v 0.481811 -1.286404 0.506791
v -0.481811 -1.286404 0.506791
v -0.484035 0.354446 -0.365981
v 0.484034 0.354447 -0.365981
v 0.531717 -1.424898 0.916769
v -0.531717 -1.424898 0.916769
v -0.534794 0.170415 -0.386455
v 0.534793 0.170415 -0.386455
v 0.605488 -1.513930 1.439935
v -0.605488 -1.513930 1.439935
v -0.609289 -0.015110 -0.378737
v 0.609289 -0.015110 -0.378737
v 0.706045 -1.524924 2.082586
v -0.706045 -1.524924 2.082585
v -0.710186 -0.220142 -0.349673
v 0.710186 -0.220142 -0.349673
v 0.824090 -1.417380 2.796352
v -0.824089 -1.417380 2.796351
v -0.827647 -0.476644 -0.296036
v 0.827647 -0.476644 -0.296036
v 0.916601 -1.161583 3.390844
v -0.916602 -1.161583 3.390844
v -0.157448 0.476643 0.864781
v 0.670199 0.476644 -0.568745
v -2.478257 1.161583 -2.489222
v -3.394859 1.161581 -0.901622
v -2.833756 1.417380 -0.684494
v -0.052267 0.220142 0.789875
v 0.657919 0.220142 -0.440202
v -2.009667 1.417381 -2.111858
v -2.156594 1.524923 -0.429841
v 0.023352 0.015109 0.717028
v 0.632640 0.015110 -0.338291
v -1.450550 1.524924 -1.652746
v -1.549764 1.513930 -0.195600
v 0.067283 -0.170415 0.656372
v 0.602076 -0.170415 -0.269917
v -0.944277 1.513931 -1.244336
v -1.059804 1.424897 0.002096
v 0.074932 -0.354447 0.602177
v 0.558967 -0.354446 -0.236195
v -0.528087 1.424898 -0.918866
v -0.679800 1.286404 0.163864
v 0.040257 -0.543492 0.545940
v 0.492926 -0.543491 -0.238106
v -0.197989 1.286404 -0.670656
v -0.393165 1.117302 0.294160
v -0.043743 -0.737154 0.479975
v 0.393799 -0.737154 -0.277870
v 0.058167 1.117302 -0.487571
v -0.185065 0.930891 0.397868
v -0.185065 -0.930892 0.397868
v 0.252031 -0.930892 -0.359205
v 0.252031 0.930892 -0.359205
v -0.043743 0.737154 0.479975
v -0.393165 -1.117302 0.294160
v 0.058168 -1.117302 -0.487571
v 0.393799 0.737154 -0.277870
v 0.040257 0.543491 0.545940
v -0.679800 -1.286404 0.163865
v -0.197989 -1.286404 -0.670656
v 0.492926 0.543491 -0.238106
v 0.074932 0.354446 0.602177
v -1.059804 -1.424898 0.002096
v -0.528087 -1.424898 -0.918865
v 0.558967 0.354446 -0.236195
v 0.067283 0.170415 0.656372
v -1.549764 -1.513930 -0.195600
v -0.944277 -1.513930 -1.244335
v 0.602077 0.170415 -0.269917
v 0.023352 -0.015110 0.717028
v -2.156594 -1.524924 -0.429840
v -1.450550 -1.524924 -1.652745
v 0.632640 -0.015110 -0.338291
v -0.052267 -0.220142 0.789875
v -2.833757 -1.417380 -0.684494
v -2.009667 -1.417380 -2.111859
v 0.657918 -0.220142 -0.440202
v -0.157449 -0.476644 0.864782
v -3.394858 -1.161583 -0.901622
v -2.478256 -1.161583 -2.489222
v 0.670199 -0.476644 -0.568745
v 0.000000 0.777189 1.008119
v 0.873057 0.777190 -0.504060
v -0.873057 0.777190 -0.504060
v 2.478257 1.161584 -2.489223
v -0.670199 0.476645 -0.568746
v 0.157449 0.476644 0.864782
v 3.394858 1.161584 -0.901622
v 2.009667 1.417381 -2.111858
v -0.657919 0.220142 -0.440203
v 0.052267 0.220142 0.789876
v 2.833756 1.417381 -0.684493
v 1.450550 1.524924 -1.652745
v -0.632641 0.015110 -0.338291
v -0.023352 0.015110 0.717028
v 2.156595 1.524924 -0.429840
v 0.944277 1.513931 -1.244336
v -0.602077 -0.170415 -0.269918
v -0.067283 -0.170415 0.656372
v 1.549764 1.513930 -0.195600
v 0.528087 1.424898 -0.918865
v -0.558967 -0.354447 -0.236196
v -0.074932 -0.354447 0.602177
v 1.059804 1.424898 0.002096
v 0.197989 1.286404 -0.670656
v -0.492927 -0.543491 -0.238106
v -0.040257 -0.543491 0.545940
v 0.679800 1.286404 0.163865
v -0.058167 1.117302 -0.487571
v -0.393799 -0.737154 -0.277870
v 0.043743 -0.737154 0.479975
v 0.393165 1.117302 0.294160
v -0.252031 0.930891 -0.359205
v -0.252031 -0.930892 -0.359205
v 0.185065 -0.930892 0.397868
v 0.185065 0.930892 0.397868
v -0.393799 0.737154 -0.277870
v -0.058167 -1.117302 -0.487571
v 0.393165 -1.117302 0.294160
v 0.043743 0.737154 0.479975
v -0.492927 0.543491 -0.238106
v 0.197989 -1.286404 -0.670656
v 0.679800 -1.286404 0.163865
v -0.040258 0.543491 0.545940
v -0.558967 0.354446 -0.236195
v 0.528087 -1.424898 -0.918865
v 1.059804 -1.424898 0.002096
v -0.074932 0.354446 0.602177
v -0.602077 0.170415 -0.269918
v 0.944277 -1.513931 -1.244336
v 1.549764 -1.513930 -0.195600
v -0.067283 0.170415 0.656372
v -0.632641 -0.015110 -0.338291
v 1.450549 -1.524924 -1.652745
v 2.156595 -1.524924 -0.429840
v -0.023352 -0.015110 0.717029
v -0.657919 -0.220142 -0.440202
v 2.009667 -1.417380 -2.111858
v 2.833756 -1.417380 -0.684493
v 0.052267 -0.220142 0.789875
v -0.670199 -0.476644 -0.568745
v 2.478257 -1.161583 -2.489222
v 3.394858 -1.161583 -0.901622
v 0.157449 -0.476644 0.864781
v -0.873057 -0.777189 -0.504060
v 0.873057 -0.777189 -0.504059
v -0.000000 -0.777189 1.008119
v 0.826205 0.483263 -0.297650
v 0.826205 1.421401 2.794978
v -0.826205 1.421401 2.794977
v -0.826205 0.483262 -0.297650
v 0.708140 0.227259 -0.352913
v 0.708140 1.528090 2.080770
v -0.708140 1.528089 2.080770
v -0.708140 0.227259 -0.352913
v 0.607262 0.021968 -0.383620
v 0.607263 1.516608 1.437605
v -0.607263 1.516608 1.437605
v -0.607262 0.021968 -0.383620
v 0.533068 -0.164568 -0.392649
v 0.533068 1.427245 0.913719
v -0.533068 1.427245 0.913718
v -0.533068 -0.164569 -0.392649
v 0.482712 -0.350096 -0.372955
v 0.482712 1.288349 0.502812
v -0.482712 1.288350 0.502812
v -0.482712 -0.350096 -0.372955
v 0.451781 -0.540824 -0.314993
v 0.451781 1.118597 0.188386
v -0.451781 1.118597 0.188386
v -0.451781 -0.540824 -0.314993
v 0.437097 -0.736097 -0.208905
v 0.437097 0.931188 -0.044691
v -0.437097 0.931188 -0.044691
v -0.437097 -0.736097 -0.208905
v 0.437097 -0.931188 -0.044691
v 0.437097 0.736097 -0.208905
v -0.437097 0.736097 -0.208905
v -0.437097 -0.931188 -0.044691
v 0.451781 -1.118597 0.188386
v 0.451781 0.540824 -0.314993
v -0.451781 0.540824 -0.314993
v -0.451781 -1.118597 0.188386
v 0.482712 -1.288350 0.502812
v 0.482712 0.350096 -0.372955
v -0.482712 0.350096 -0.372955
v -0.482712 -1.288350 0.502812
v 0.533069 -1.427245 0.913719
v 0.533068 0.164568 -0.392649
v -0.533069 0.164568 -0.392649
v -0.533069 -1.427245 0.913719
v 0.607262 -1.516609 1.437605
v 0.607263 -0.021968 -0.383620
v -0.607263 -0.021968 -0.383620
v -0.607263 -1.516609 1.437605
v 0.708140 -1.528090 2.080771
v 0.708140 -0.227259 -0.352913
v -0.708140 -0.227259 -0.352914
v -0.708140 -1.528090 2.080770
v 0.826206 -1.421402 2.794979
v 0.826205 -0.483263 -0.297650
v -0.826206 -0.483263 -0.297650
v -0.826206 -1.421402 2.794978
v -0.155330 0.483263 0.864340
v -2.833625 1.421401 -0.681974
v -2.007419 1.421402 -2.113004
v 0.670875 0.483264 -0.566690
v -0.048438 0.227259 0.789724
v -2.156069 1.528090 -0.427118
v -1.447930 1.528090 -1.653653
v 0.659702 0.227259 -0.436810
v 0.028593 0.021968 0.717715
v -1.548633 1.516609 -0.192897
v -0.941371 1.516609 -1.244708
v 0.635856 0.021968 -0.334095
v 0.073510 -0.164569 0.657976
v -1.057838 1.427245 0.004791
v -0.524769 1.427245 -0.918511
v 0.606578 -0.164568 -0.265326
v 0.081633 -0.350096 0.604519
v -0.676805 1.288350 0.166635
v -0.194092 1.288350 -0.669447
v 0.564345 -0.350096 -0.231563
v 0.046901 -0.540824 0.548751
v -0.389038 1.118597 0.297061
v 0.062743 1.118598 -0.485447
v 0.498682 -0.540824 -0.233757
v -0.037631 -0.736098 0.482989
v -0.179845 0.931188 0.400882
v 0.257252 0.931188 -0.356191
v 0.399465 -0.736097 -0.274084
v -0.179845 -0.931188 0.400882
v -0.037632 0.736097 0.482989
v 0.399465 0.736097 -0.274084
v 0.257252 -0.931188 -0.356191
v -0.389038 -1.118598 0.297061
v 0.046901 0.540824 0.548751
v 0.498682 0.540824 -0.233757
v 0.062743 -1.118598 -0.485447
v -0.676805 -1.288350 0.166635
v 0.081633 0.350096 0.604519
v 0.564345 0.350096 -0.231563
v -0.194092 -1.288350 -0.669447
v -1.057838 -1.427245 0.004791
v 0.073510 0.164568 0.657976
v 0.606579 0.164568 -0.265326
v -0.524769 -1.427245 -0.918510
v -1.548633 -1.516609 -0.192898
v 0.028594 -0.021968 0.717715
v 0.635856 -0.021968 -0.334095
v -0.941371 -1.516609 -1.244707
v -2.156070 -1.528090 -0.427118
v -0.048438 -0.227259 0.789724
v 0.659702 -0.227259 -0.436810
v -1.447930 -1.528090 -1.653652
v -2.833626 -1.421402 -0.681974
v -0.155330 -0.483263 0.864340
v 0.670875 -0.483263 -0.566690
v -2.007420 -1.421402 -2.113005
v -1.349724 -1.508108 -1.610237
v 0.719645 -1.508108 1.974014
v 0.618768 0.066021 -0.592155
v 0.822205 0.066021 -0.239791
v 0.551774 0.266988 -0.561304
v 0.761991 0.266988 -0.197198
v -0.860918 -1.500745 -1.219857
v 0.625968 -1.500745 1.355505
v 0.600576 -0.659877 -0.206786
v 0.479370 -0.659877 -0.416721
v 0.510301 1.282386 0.447927
v -0.132766 1.282386 -0.665898
v 0.557078 1.416510 0.848493
v -0.456277 1.416510 -0.906691
v 0.691732 -0.462609 -0.185741
v 0.506722 -0.462610 -0.506187
v -1.886726 -1.400486 -2.047110
v 0.829486 -1.400486 2.657508
v 0.718797 -0.237036 -0.399730
v 0.705575 -0.237036 -0.422632
v 0.455646 -0.736108 -0.277062
v 0.467766 -0.736108 -0.256070
v 0.481540 1.116255 0.138999
v 0.120393 1.116256 -0.486526
v -2.336047 -1.150582 -2.406201
v 0.915808 -1.150582 3.226177
v 0.829711 -0.487645 -0.342271
v 0.711271 -0.487645 -0.547416
v 0.313531 -0.930892 -0.359205
v 0.467847 -0.930892 -0.091924
v 0.467847 0.930892 -0.091924
v 0.313531 0.930892 -0.359205
v 0.711271 0.487645 -0.547416
v 0.829711 0.487645 -0.342271
v 0.915808 1.150579 3.226178
v -2.336048 1.150582 -2.406202
v 0.120393 -1.116256 -0.486526
v 0.481540 -1.116256 0.138999
v 0.467766 0.736108 -0.256070
v 0.455646 0.736108 -0.277062
v 0.705575 0.237036 -0.422632
v 0.718797 0.237036 -0.399730
v 0.829486 1.400486 2.657507
v -1.886726 1.400486 -2.047110
v -0.132766 -1.282386 -0.665898
v 0.510301 -1.282386 0.447928
v 0.479370 0.659877 -0.416721
v 0.600576 0.659877 -0.206786
v 0.822205 -0.066021 -0.239791
v 0.618767 -0.066021 -0.592155
v 0.719645 1.508108 1.974013
v -1.349724 1.508108 -1.610238
v -0.456277 -1.416510 -0.906691
v 0.557079 -1.416510 0.848493
v 0.506722 0.462610 -0.506187
v 0.691733 0.462609 -0.185741
v 0.761991 -0.266988 -0.197198
v 0.551774 -0.266988 -0.561304
v 0.625968 1.500745 1.355505
v -0.860918 1.500745 -1.219858
v -0.895824 0.783218 -0.542901
v 2.476879 1.166789 -2.490132
v 3.394957 1.166789 -0.899974
v 0.022254 0.783217 1.047256
v -0.670875 0.483264 -0.566691
v 2.007420 1.421402 -2.113004
v 2.833625 1.421402 -0.681974
v 0.155331 0.483263 0.864340
v -0.659702 0.227259 -0.436811
v 1.447930 1.528090 -1.653652
v 2.156071 1.528090 -0.427118
v 0.048438 0.227259 0.789724
v -0.635856 0.021968 -0.334095
v 0.941371 1.516609 -1.244708
v 1.548633 1.516608 -0.192898
v -0.028593 0.021968 0.717715
v -0.606579 -0.164569 -0.265326
v 0.524769 1.427245 -0.918510
v 1.057838 1.427245 0.004792
v -0.073510 -0.164569 0.657975
v -0.564345 -0.350096 -0.231563
v 0.194093 1.288350 -0.669447
v 0.676805 1.288350 0.166635
v -0.081633 -0.350096 0.604519
v -0.498683 -0.540824 -0.233757
v -0.062743 1.118597 -0.485447
v 0.389038 1.118597 0.297061
v -0.046902 -0.540824 0.548751
v -0.399465 -0.736097 -0.274084
v -0.257252 0.931188 -0.356191
v 0.179845 0.931188 0.400882
v 0.037631 -0.736098 0.482989
v -0.257252 -0.931188 -0.356191
v -0.399465 0.736097 -0.274084
v 0.037631 0.736097 0.482989
v 0.179845 -0.931188 0.400882
v -0.062743 -1.118597 -0.485447
v -0.498683 0.540823 -0.233758
v -0.046902 0.540824 0.548751
v 0.389038 -1.118598 0.297061
v 0.194093 -1.288350 -0.669447
v -0.564345 0.350096 -0.231563
v -0.081633 0.350096 0.604519
v 0.676805 -1.288350 0.166635
v 0.524769 -1.427245 -0.918510
v -0.606579 0.164568 -0.265326
v -0.073510 0.164569 0.657975
v 1.057838 -1.427246 0.004792
v 0.941371 -1.516609 -1.244708
v -0.635856 -0.021968 -0.334095
v -0.028594 -0.021968 0.717715
v 1.548633 -1.516609 -0.192898
v 1.447930 -1.528090 -1.653652
v -0.659702 -0.227259 -0.436810
v 0.048438 -0.227259 0.789724
v 2.156070 -1.528090 -0.427118
v 2.007419 -1.421402 -2.113004
v -0.670875 -0.483263 -0.566690
v 0.155331 -0.483263 0.864340
v 2.833625 -1.421401 -0.681974
v -0.210216 -0.266988 0.758502
v 0.210216 -0.266988 0.758503
v -1.486886 1.500745 -0.135648
v 1.486886 1.500745 -0.135648
v -2.069368 1.508107 -0.363776
v 2.069369 1.508108 -0.363776
v -0.203438 -0.066020 0.831947
v 0.203437 -0.066021 0.831945
v 1.486886 -1.500745 -0.135648
v -1.486886 -1.500745 -0.135648
v 0.210216 0.266987 0.758503
v -0.210217 0.266988 0.758502
v 0.185010 0.462610 0.691928
v -0.185010 0.462609 0.691928
v 1.013356 -1.416511 0.058198
v -1.013355 -1.416510 0.058198
v -0.185010 -0.462609 0.691928
v 0.185010 -0.462610 0.691928
v -1.013355 1.416510 0.058197
v 1.013356 1.416510 0.058198
v 2.069369 -1.508108 -0.363776
v -2.069368 -1.508108 -0.363776
v 0.203438 0.066021 0.831946
v -0.203438 0.066020 0.831947
v -0.121206 -0.659877 0.623507
v 0.121206 -0.659878 0.623507
v -0.643068 1.282386 0.217970
v 0.643067 1.282386 0.217970
v 2.716212 -1.400486 -0.610397
v -2.716213 -1.400486 -0.610398
v -0.013223 -0.237036 0.822362
v 0.013222 -0.237036 0.822362
v 0.012120 -0.736108 0.533132
v -0.012120 -0.736108 0.533132
v -0.361147 1.116256 0.347527
v 0.361147 1.116256 0.347527
v 3.251856 -1.150582 -0.819975
v -3.251856 -1.150582 -0.819975
v -0.118441 -0.487645 0.889686
v 0.118441 -0.487645 0.889686
v 0.154315 -0.930892 0.451129
v -0.154315 -0.930892 0.451129
v -0.154315 0.930891 0.451129
v 0.154315 0.930892 0.451129
v 0.118441 0.487645 0.889686
v -0.118441 0.487645 0.889686
v -3.251856 1.150580 -0.819976
v 3.251856 1.150583 -0.819975
v 0.361147 -1.116256 0.347527
v -0.361147 -1.116256 0.347526
v -0.012120 0.736108 0.533132
v 0.012120 0.736108 0.533132
v 0.013222 0.237035 0.822361
v -0.013222 0.237037 0.822362
v -2.716212 1.400486 -0.610398
v 2.716212 1.400486 -0.610397
v 0.643068 -1.282386 0.217970
v -0.643068 -1.282386 0.217970
v 0.121206 0.659878 0.623507
v -0.121206 0.659877 0.623507
v 0.918078 0.783219 -0.504356
v 0.918078 1.166785 3.390107
v -0.918078 1.166785 3.390105
v -0.918078 0.783218 -0.504356
v 0.918078 -1.166788 3.390105
v 0.918078 -0.783217 -0.504356
v -0.918078 -0.783217 -0.504356
v -0.918078 -1.166788 3.390105
v -0.022254 0.783217 1.047256
v -3.394957 1.166787 -0.899974
v -2.476879 1.166788 -2.490131
v 0.895824 0.783219 -0.542901
v -3.394957 -1.166788 -0.899974
v -0.022254 -0.783217 1.047256
v 0.895824 -0.783217 -0.542901
v -2.476878 -1.166788 -2.490131
v 2.476879 -1.166788 -2.490131
v -0.895824 -0.783217 -0.542901
v 0.022254 -0.783217 1.047256
v 3.394957 -1.166788 -0.899974
v -0.467847 -0.930892 -0.091924
v -0.313531 -0.930892 -0.359205
v -0.313531 0.930891 -0.359205
v -0.467847 0.930891 -0.091924
v -0.120393 1.116256 -0.486526
v -0.481540 1.116256 0.138999
v -0.467766 -0.736108 -0.256070
v -0.455646 -0.736108 -0.277062
v -0.829711 0.487645 -0.342271
v -0.711271 0.487645 -0.547416
v 2.336047 1.150583 -2.406202
v -0.915808 1.150579 3.226177
v -0.711271 -0.487645 -0.547416
v -0.829711 -0.487645 -0.342271
v -0.915808 -1.150582 3.226177
v 2.336047 -1.150582 -2.406202
v -0.481540 -1.116256 0.138999
v -0.120393 -1.116256 -0.486526
v -0.455646 0.736108 -0.277062
v -0.467766 0.736108 -0.256070
v -0.718798 0.237037 -0.399730
v -0.705574 0.237036 -0.422632
v 1.886726 1.400486 -2.047110
v -0.829486 1.400485 2.657506
v -0.510301 -1.282386 0.447928
v 0.132767 -1.282386 -0.665898
v -0.600576 0.659877 -0.206786
v -0.479370 0.659877 -0.416721
v -0.618767 -0.066021 -0.592155
v -0.822205 -0.066021 -0.239791
v 1.349724 1.508108 -1.610237
v -0.719645 1.508107 1.974013
v -0.557079 -1.416510 0.848493
v 0.456277 -1.416510 -0.906690
v -0.691732 0.462609 -0.185741
v -0.506722 0.462609 -0.506187
v -0.551774 -0.266988 -0.561304
v -0.761991 -0.266988 -0.197199
v 0.860918 1.500745 -1.219858
v -0.625968 1.500744 1.355505
v -0.625968 -1.500745 1.355505
v 0.860918 -1.500745 -1.219858
v -0.761991 0.266988 -0.197199
v -0.551774 0.266988 -0.561304
v -0.506722 -0.462610 -0.506187
v -0.691732 -0.462609 -0.185741
v 0.456277 1.416510 -0.906690
v -0.557078 1.416510 0.848493
v -0.719645 -1.508108 1.974013
v 1.349723 -1.508108 -1.610237
v -0.822205 0.066021 -0.239791
v -0.618768 0.066020 -0.592155
v -0.479370 -0.659877 -0.416721
v -0.600576 -0.659877 -0.206786
v 0.132767 1.282386 -0.665898
v -0.510301 1.282386 0.447928
v -0.829486 -1.400486 2.657507
v 1.886726 -1.400486 -2.047110
v -0.705575 -0.237036 -0.422632
v -0.718797 -0.237036 -0.399730
v 1.881620 1.407355 -2.047942
v -0.716467 0.497311 -0.547936
v -0.832760 0.497310 -0.346511
v -0.832759 1.407353 2.653500
vn 0.4903 0.8688 -0.0695
vn -0.6350 -0.4825 -0.6033
vn 0.8389 0.2483 0.4843
vn -0.2369 -0.9619 -0.1368
vn 0.1849 0.8688 0.4593
vn -0.8400 -0.4825 -0.2483
vn -0.0281 0.9995 -0.0162
vn -0.7058 -0.5794 -0.4075
vn 0.8701 -0.1328 0.4746
vn -0.8431 0.1691 -0.5104
vn 0.2339 -0.9628 0.1351
vn -0.8454 -0.2171 -0.4881
vn 0.8461 -0.1328 0.5163
vn -0.8636 0.1691 -0.4749
vn 0.8309 0.2820 0.4797
vn -0.2733 0.9489 -0.1578
vn 0.3505 0.9357 0.0404
vn -0.4940 -0.7725 -0.3991
vn 0.7041 0.5822 0.4065
vn -0.1779 -0.9787 -0.1027
vn 0.2103 0.9357 0.2833
vn -0.5926 -0.7725 -0.2282
vn 0.1226 0.9899 0.0708
vn -0.4612 -0.8464 -0.2663
vn 0.9864 -0.0916 -0.1362
vn -0.4120 -0.0089 -0.9111
vn 0.7704 -0.4569 0.4448
vn -0.4043 -0.8844 -0.2334
vn 0.3752 -0.0916 0.9224
vn -0.9951 -0.0089 0.0988
vn 0.8061 0.3655 0.4654
vn -0.3183 0.9300 -0.1838
vn -0.0980 0.9903 0.0982
vn 0.2225 -0.9704 -0.0934
vn -0.3281 0.9254 0.1894
vn 0.0518 -0.9982 -0.0299
vn -0.1340 0.9903 0.0357
vn 0.1921 -0.9704 -0.1460
vn 0.9864 0.0916 -0.1362
vn -0.4120 0.0089 -0.9111
vn 0.8061 -0.3655 0.4654
vn -0.3183 -0.9300 -0.1838
vn 0.3752 0.0916 0.9224
vn -0.9951 0.0089 0.0988
vn 0.7704 0.4569 0.4448
vn -0.4043 0.8844 -0.2334
vn 0.1340 -0.9903 0.0357
vn -0.1921 0.9704 -0.1460
vn 0.0980 -0.9903 0.0982
vn -0.2225 0.9704 -0.0934
vn 0.3281 -0.9254 0.1894
vn -0.0518 0.9982 -0.0299
vn 0.1340 0.9903 0.0357
vn -0.1921 -0.9704 -0.1460
vn 0.3281 0.9254 0.1894
vn -0.0518 -0.9982 -0.0299
vn 0.0980 0.9903 0.0982
vn -0.2225 -0.9704 -0.0934
vn 0.8701 0.1328 0.4746
vn -0.8431 -0.1691 -0.5104
vn 0.8309 -0.2820 0.4797
vn -0.2733 -0.9489 -0.1578
vn 0.8461 0.1328 0.5163
vn -0.8636 -0.1691 -0.4749
vn 0.2339 0.9628 0.1351
vn -0.8454 0.2171 -0.4881
vn -0.0980 -0.9903 0.0982
vn 0.2225 0.9704 -0.0934
vn -0.1340 -0.9903 0.0357
vn 0.1921 0.9704 -0.1460
vn -0.3281 -0.9254 0.1894
vn 0.0518 0.9982 -0.0299
vn 0.8541 0.2494 0.4564
vn -0.8191 -0.2691 -0.5066
vn 0.8486 -0.1999 0.4899
vn -0.2572 -0.9549 -0.1485
vn 0.8223 0.2494 0.5115
vn -0.8483 -0.2691 -0.4561
vn 0.2028 0.9722 0.1171
vn -0.8607 0.1105 -0.4969
vn 0.7501 -0.5081 0.4233
vn -0.7288 0.5352 -0.4271
vn 0.1423 -0.9864 0.0821
vn -0.8580 0.1362 -0.4953
vn 0.7417 -0.5081 0.4379
vn -0.7342 0.5352 -0.4176
vn 0.8657 -0.0275 0.4998
vn -0.2532 0.9563 -0.1462
vn 0.8163 0.3754 0.4390
vn -0.7855 -0.3854 -0.4842
vn 0.8611 -0.1063 0.4972
vn -0.2551 -0.9556 -0.1473
vn 0.7883 0.3754 0.4874
vn -0.8121 -0.3854 -0.4381
vn 0.1783 0.9786 0.1029
vn -0.8660 -0.0038 -0.5000
vn 0.8163 -0.3754 0.4390
vn -0.7855 0.3854 -0.4842
vn 0.1783 -0.9786 0.1029
vn -0.8660 0.0038 -0.5000
vn 0.7883 -0.3754 0.4874
vn -0.8121 0.3854 -0.4381
vn 0.8611 0.1063 0.4972
vn -0.2551 0.9556 -0.1473
vn 0.7501 0.5081 0.4233
vn -0.7288 -0.5352 -0.4271
vn 0.8657 0.0275 0.4998
vn -0.2532 -0.9563 -0.1462
vn 0.7417 0.5081 0.4379
vn -0.7342 -0.5352 -0.4176
vn 0.1423 0.9864 0.0821
vn -0.8580 -0.1362 -0.4953
vn 0.8541 -0.2494 0.4564
vn -0.8191 0.2691 -0.5066
vn 0.2028 -0.9722 0.1171
vn -0.8607 -0.1105 -0.4969
vn 0.8223 -0.2494 0.5115
vn -0.8483 0.2691 -0.4561
vn 0.8486 0.1999 0.4899
vn -0.2572 0.9549 -0.1485
vn -0.0280 -0.3754 -0.9264
vn -0.0266 0.3854 0.9224
vn -0.0000 -0.9786 -0.2058
vn -0.0000 0.0038 1.0000
vn 0.0280 -0.3754 -0.9264
vn 0.0266 0.3854 0.9223
vn -0.0000 0.1063 -0.9943
vn -0.0000 0.9556 0.2946
vn -0.0084 0.5081 -0.8613
vn -0.0054 -0.5352 0.8447
vn -0.0000 0.0275 -0.9996
vn -0.0000 -0.9563 0.2924
vn 0.0084 0.5081 -0.8613
vn 0.0054 -0.5352 0.8447
vn -0.0000 0.9864 -0.1643
vn -0.0000 -0.1362 0.9907
vn -0.0318 -0.2494 -0.9679
vn -0.0292 0.2691 0.9627
vn -0.0000 -0.9722 -0.2341
vn -0.0000 -0.1105 0.9939
vn 0.0318 -0.2494 -0.9679
vn 0.0292 0.2691 0.9627
vn -0.0000 0.1999 -0.9798
vn -0.0000 0.9549 0.2970
vn -0.3053 0.8688 -0.3898
vn -0.2050 -0.4825 0.8516
vn -0.0000 0.2483 -0.9687
vn -0.0000 -0.9619 0.2735
vn 0.3053 0.8688 -0.3898
vn 0.2050 -0.4825 0.8516
vn -0.0000 0.9995 0.0325
vn -0.0000 -0.5794 0.8150
vn -0.0240 -0.1328 -0.9909
vn -0.0205 0.1691 0.9854
vn -0.0000 -0.9628 -0.2701
vn -0.0000 -0.2171 0.9761
vn 0.0240 -0.1328 -0.9909
vn 0.0205 0.1691 0.9854
vn -0.0000 0.2820 -0.9594
vn -0.0000 0.9489 0.3155
vn -0.1402 0.9357 -0.3238
vn -0.0987 -0.7725 0.6273
vn -0.0000 0.5822 -0.8130
vn -0.0000 -0.9787 0.2054
vn 0.1402 0.9357 -0.3238
vn 0.0987 -0.7725 0.6273
vn -0.0000 0.9899 -0.1415
vn -0.0000 -0.8464 0.5326
vn -0.6112 -0.0916 -0.7862
vn -0.5831 -0.0089 0.8124
vn -0.0000 -0.4569 -0.8895
vn -0.0000 -0.8844 0.4668
vn 0.6112 -0.0916 -0.7862
vn 0.5831 -0.0089 0.8124
vn -0.0000 0.3655 -0.9308
vn -0.0000 0.9300 0.3675
vn -0.0361 0.9903 -0.1340
vn -0.0304 -0.9704 0.2394
vn -0.0000 0.9254 -0.3789
vn -0.0000 -0.9982 0.0598
vn 0.0361 0.9903 -0.1340
vn 0.0304 -0.9704 0.2394
vn -0.6112 0.0916 -0.7862
vn -0.5831 0.0089 0.8124
vn -0.0000 -0.3655 -0.9308
vn -0.0000 -0.9300 0.3675
vn 0.6112 0.0916 -0.7862
vn 0.5831 0.0089 0.8124
vn -0.0000 0.4569 -0.8895
vn -0.0000 0.8844 0.4668
vn -0.3053 -0.8688 -0.3898
vn -0.2050 0.4825 0.8516
vn -0.0000 -0.9995 0.0325
vn -0.0000 0.5794 0.8150
vn 0.3053 -0.8688 -0.3898
vn 0.2050 0.4825 0.8516
vn -0.0000 -0.2483 -0.9687
vn -0.0000 0.9619 0.2735
vn -0.0240 0.1328 -0.9909
vn -0.0205 -0.1691 0.9854
vn -0.0000 -0.2820 -0.9594
vn -0.0000 -0.9489 0.3155
vn 0.0240 0.1328 -0.9909
vn 0.0205 -0.1691 0.9854
vn -0.0000 0.9628 -0.2701
vn -0.0000 0.2171 0.9761
vn -0.0361 -0.9903 -0.1340
vn -0.0304 0.9704 0.2394
vn 0.0361 -0.9903 -0.1340
vn 0.0304 0.9704 0.2394
vn -0.0000 -0.9254 -0.3789
vn -0.0000 0.9982 0.0598
vn -0.0318 0.2494 -0.9679
vn -0.0292 -0.2691 0.9627
vn -0.0000 -0.1999 -0.9798
vn -0.0000 -0.9549 0.2970
vn 0.0318 0.2494 -0.9679
vn 0.0292 -0.2691 0.9627
vn -0.0000 0.9722 -0.2341
vn -0.0000 0.1105 0.9939
vn -0.0084 -0.5081 -0.8613
vn -0.0054 0.5352 0.8447
vn -0.0000 -0.9864 -0.1643
vn -0.0000 0.1362 0.9907
vn 0.0084 -0.5081 -0.8613
vn 0.0054 0.5352 0.8447
vn -0.0000 -0.0275 -0.9996
vn -0.0000 0.9563 0.2924
vn -0.0280 0.3754 -0.9264
vn -0.0266 -0.3854 0.9223
vn -0.0000 -0.1063 -0.9943
vn -0.0000 -0.9556 0.2946
vn 0.0280 0.3754 -0.9264
vn 0.0266 -0.3854 0.9224
vn -0.0000 0.9786 -0.2058
vn -0.0000 -0.0038 1.0000
vn -0.3752 -0.0916 0.9224
vn 0.9951 -0.0089 0.0988
vn -0.7704 -0.4569 0.4448
vn 0.4043 -0.8844 -0.2334
vn -0.9864 -0.0916 -0.1362
vn 0.4120 -0.0089 -0.9111
vn -0.8061 0.3655 0.4654
vn 0.3183 0.9300 -0.1838
vn 0.4902 -0.8688 -0.0695
vn -0.6350 0.4825 -0.6033
vn -0.0282 -0.9995 -0.0162
vn -0.7058 0.5794 -0.4075
vn 0.1849 -0.8688 0.4593
vn -0.8400 0.4825 -0.2483
vn 0.8389 -0.2483 0.4843
vn -0.2369 0.9619 -0.1368
vn -0.1402 -0.9357 -0.3238
vn -0.0987 0.7725 0.6273
vn -0.0000 -0.9899 -0.1415
vn -0.0000 0.8464 0.5326
vn 0.1402 -0.9357 -0.3238
vn 0.0987 0.7725 0.6273
vn -0.0000 -0.5822 -0.8130
vn -0.0000 0.9787 0.2054
vn -0.3752 0.0916 0.9224
vn 0.9951 0.0089 0.0988
vn -0.8061 -0.3655 0.4654
vn 0.3183 -0.9300 -0.1838
vn -0.9864 0.0916 -0.1362
vn 0.4120 0.0089 -0.9111
vn -0.7704 0.4569 0.4448
vn 0.4043 0.8844 -0.2334
vn -0.2103 -0.9357 0.2833
vn 0.5926 0.7725 -0.2282
vn -0.1226 -0.9899 0.0708
vn 0.4612 0.8464 -0.2663
vn -0.3505 -0.9357 0.0404
vn 0.4940 0.7725 -0.3991
vn -0.7041 -0.5822 0.4065
vn 0.1779 0.9787 -0.1027
vn -0.8461 0.1328 0.5162
vn 0.8636 -0.1691 -0.4749
vn -0.8309 -0.2820 0.4797
vn 0.2733 -0.9489 -0.1578
vn -0.8701 0.1328 0.4746
vn 0.8431 -0.1691 -0.5104
vn -0.2340 0.9628 0.1351
vn 0.8454 0.2171 -0.4881
vn -0.1849 -0.8688 0.4593
vn 0.8400 0.4825 -0.2483
vn 0.0281 -0.9995 -0.0162
vn 0.7058 0.5794 -0.4075
vn -0.4903 -0.8688 -0.0695
vn 0.6350 0.4825 -0.6033
vn -0.8389 -0.2483 0.4843
vn 0.2369 0.9619 -0.1368
vn -0.8223 0.2494 0.5115
vn 0.8483 -0.2691 -0.4561
vn -0.8486 -0.1999 0.4899
vn 0.2572 -0.9549 -0.1485
vn -0.8541 0.2494 0.4564
vn 0.8191 -0.2691 -0.5066
vn -0.2028 0.9722 0.1171
vn 0.8607 0.1105 -0.4969
vn -0.7417 -0.5081 0.4379
vn 0.7342 0.5352 -0.4176
vn -0.1423 -0.9864 0.0821
vn 0.8580 0.1362 -0.4953
vn -0.7501 -0.5081 0.4233
vn 0.7288 0.5352 -0.4271
vn -0.8657 -0.0275 0.4998
vn 0.2532 0.9563 -0.1462
vn -0.7883 0.3754 0.4874
vn 0.8121 -0.3854 -0.4381
vn -0.8611 -0.1063 0.4972
vn 0.2551 -0.9556 -0.1473
vn -0.8163 0.3754 0.4390
vn 0.7855 -0.3854 -0.4842
vn -0.1783 0.9786 0.1029
vn 0.8660 -0.0038 -0.5000
vn -0.7883 -0.3754 0.4874
vn 0.8121 0.3854 -0.4381
vn -0.1783 -0.9786 0.1029
vn 0.8660 0.0038 -0.5000
vn -0.8163 -0.3754 0.4390
vn 0.7855 0.3854 -0.4842
vn -0.8611 0.1063 0.4972
vn 0.2551 0.9556 -0.1473
vn -0.7417 0.5081 0.4379
vn 0.7342 -0.5352 -0.4176
vn -0.8657 0.0275 0.4998
vn 0.2532 -0.9563 -0.1462
vn -0.7501 0.5081 0.4233
vn 0.7288 -0.5352 -0.4271
vn -0.1423 0.9864 0.0821
vn 0.8580 -0.1362 -0.4953
vn -0.8223 -0.2494 0.5115
vn 0.8483 0.2691 -0.4561
vn -0.2028 -0.9722 0.1171
vn 0.8607 -0.1105 -0.4969
vn -0.8541 -0.2494 0.4564
vn 0.8191 0.2691 -0.5066
vn -0.8486 0.1999 0.4899
vn 0.2572 0.9549 -0.1485
vn -0.1849 0.8688 0.4593
vn 0.8400 -0.4825 -0.2483
vn -0.8389 0.2483 0.4843
vn 0.2369 -0.9619 -0.1368
vn -0.4903 0.8688 -0.0695
vn 0.6350 -0.4825 -0.6033
vn 0.0281 0.9995 -0.0162
vn 0.7058 -0.5794 -0.4075
vn -0.8461 -0.1328 0.5163
vn 0.8636 0.1691 -0.4749
vn -0.2339 -0.9628 0.1351
vn 0.8454 -0.2171 -0.4881
vn -0.8701 -0.1328 0.4746
vn 0.8431 0.1691 -0.5104
vn -0.8309 0.2820 0.4797
vn 0.2733 0.9489 -0.1578
vn -0.2103 0.9357 0.2833
vn 0.5926 -0.7725 -0.2282
vn -0.7041 0.5822 0.4065
vn 0.1779 -0.9787 -0.1027
vn -0.3505 0.9357 0.0404
vn 0.4940 -0.7725 -0.3991
vn -0.1226 0.9899 0.0708
vn 0.4612 -0.8464 -0.2663
vn -0.2590 -0.9519 0.1634
vn -0.2085 0.9604 -0.1849
vn -0.0000 -0.9846 0.1746
vn -0.0000 0.9714 -0.2374
vn 0.2590 -0.9519 0.1634
vn 0.2085 0.9604 -0.1849
vn -0.0000 -0.9430 -0.3327
vn -0.0000 0.8347 -0.5507
vn -0.0000 -0.9284 0.3717
vn -0.0000 0.9657 -0.2598
vn 0.3733 -0.8751 0.3081
vn 0.3972 0.8522 -0.3406
vn -0.0000 -0.9552 -0.2959
vn -0.0000 0.4959 -0.8684
vn -0.3733 -0.8751 0.3081
vn -0.3972 0.8522 -0.3406
vn -0.0000 -0.8215 0.5702
vn -0.0000 0.9612 -0.2757
vn -0.1424 -0.8375 0.5275
vn -0.1680 0.8447 -0.5081
vn -0.0000 -0.7083 0.7059
vn -0.0000 0.9219 0.3874
vn 0.1424 -0.8375 0.5275
vn 0.1680 0.8447 -0.5081
vn -0.0000 -0.6635 0.7482
vn -0.0000 0.9468 -0.3218
vn -0.0999 -0.7240 0.6825
vn -0.1197 0.7353 -0.6670
vn -0.0000 -0.5694 0.8220
vn -0.0000 0.9826 0.1859
vn 0.0999 -0.7240 0.6825
vn 0.1197 0.7353 -0.6670
vn -0.0000 -0.4733 0.8809
vn -0.0000 0.9154 -0.4027
vn -0.0689 -0.5749 0.8153
vn -0.0808 0.5896 -0.8036
vn -0.0000 -0.4029 0.9152
vn -0.0000 0.9994 -0.0359
vn 0.0689 -0.5749 0.8153
vn 0.0808 0.5896 -0.8036
vn -0.0000 -0.2665 0.9638
vn -0.0000 0.8642 -0.5032
vn -0.0525 -0.3964 0.9166
vn -0.0589 0.4141 -0.9083
vn -0.0000 -0.2097 0.9778
vn -0.0000 0.9657 -0.2596
vn 0.0525 -0.3964 0.9166
vn 0.0589 0.4141 -0.9083
vn -0.0000 -0.0479 0.9989
vn -0.0000 0.7948 -0.6068
vn 0.1902 -0.2076 0.9596
vn 0.6682 0.1500 -0.7287
vn -0.0000 -0.4075 0.9132
vn -0.0000 -0.6266 -0.7793
vn -0.1902 -0.2076 0.9596
vn -0.6682 0.1500 -0.7287
vn -0.0000 0.1790 0.9839
vn -0.0000 0.7134 -0.7008
vn 0.1842 -0.0000 0.9829
vn 0.6587 -0.0000 -0.7524
vn -0.0000 -0.1790 0.9839
vn -0.0000 -0.7134 -0.7008
vn -0.1841 -0.0000 0.9829
vn -0.6587 -0.0000 -0.7524
vn -0.0000 0.4075 0.9132
vn -0.0000 0.6266 -0.7793
vn 0.1902 0.2076 0.9596
vn 0.6682 -0.1500 -0.7287
vn -0.0000 0.0479 0.9989
vn -0.0000 -0.7948 -0.6068
vn -0.1902 0.2076 0.9596
vn -0.6682 -0.1500 -0.7287
vn -0.0000 0.2097 0.9778
vn -0.0000 -0.9657 -0.2596
vn -0.0525 0.3964 0.9166
vn -0.0589 -0.4141 -0.9083
vn -0.0000 0.2665 0.9638
vn -0.0000 -0.8642 -0.5032
vn 0.0525 0.3964 0.9166
vn 0.0589 -0.4141 -0.9083
vn -0.0000 0.4029 0.9152
vn -0.0000 -0.9994 -0.0359
vn -0.0689 0.5749 0.8153
vn -0.0808 -0.5896 -0.8036
vn -0.0000 0.4733 0.8809
vn -0.0000 -0.9154 -0.4026
vn 0.0689 0.5749 0.8153
vn 0.0808 -0.5896 -0.8036
vn -0.0000 0.5694 0.8220
vn -0.0000 -0.9826 0.1859
vn -0.0999 0.7240 0.6825
vn -0.1197 -0.7353 -0.6670
vn -0.0000 0.6635 0.7482
vn -0.0000 -0.9468 -0.3218
vn 0.0999 0.7240 0.6825
vn 0.1197 -0.7353 -0.6670
vn -0.0000 0.7083 0.7059
vn -0.0000 -0.9219 0.3874
vn -0.1424 0.8375 0.5275
vn -0.1680 -0.8447 -0.5081
vn -0.0000 0.8215 0.5702
vn -0.0000 -0.9612 -0.2757
vn 0.1424 0.8375 0.5275
vn 0.1680 -0.8447 -0.5081
vn -0.0000 0.9552 -0.2959
vn -0.0000 -0.4959 -0.8684
vn 0.3733 0.8751 0.3081
vn 0.3972 -0.8522 -0.3406
vn -0.0000 0.9284 0.3717
vn -0.0000 -0.9657 -0.2598
vn -0.3733 0.8751 0.3081
vn -0.3972 -0.8522 -0.3406
vn -0.0000 0.9430 -0.3327
vn -0.0000 -0.8347 -0.5507
vn 0.2590 0.9519 0.1634
vn 0.2085 -0.9604 -0.1849
vn -0.0000 0.9846 0.1746
vn -0.0000 -0.9714 -0.2374
vn -0.2590 0.9519 0.1634
vn -0.2085 -0.9604 -0.1849
vn 0.2881 -0.9430 0.1663
vn 0.4769 0.8347 0.2754
vn -0.0120 -0.9519 -0.3061
vn 0.2644 0.9604 -0.0881
vn -0.1512 -0.9846 -0.0873
vn 0.2056 0.9714 0.1187
vn -0.2711 -0.9519 0.1426
vn 0.0559 0.9604 0.2730
vn -0.4535 -0.8751 0.1692
vn 0.0964 0.8522 0.5143
vn 0.2562 -0.9552 0.1479
vn 0.7520 0.4959 0.4342
vn -0.0802 -0.8751 -0.4773
vn 0.4936 0.8522 -0.1737
vn -0.3219 -0.9284 -0.1858
vn 0.2250 0.9657 0.1299
vn -0.3857 -0.8375 -0.3870
vn 0.5241 0.8447 0.1085
vn -0.6113 -0.7083 -0.3530
vn -0.3355 0.9219 -0.1937
vn -0.5280 -0.8375 -0.1405
vn 0.3560 0.8447 0.3996
vn -0.4938 -0.8215 -0.2851
vn 0.2388 0.9612 0.1378
vn -0.5411 -0.7240 -0.4278
vn 0.6375 0.7353 0.2299
vn -0.7119 -0.5694 -0.4110
vn -0.1610 0.9826 -0.0930
vn -0.6410 -0.7240 -0.2547
vn 0.5178 0.7353 0.4372
vn -0.6480 -0.6635 -0.3741
vn 0.2787 0.9468 0.1609
vn -0.6716 -0.5749 -0.4674
vn 0.7364 0.5896 0.3318
vn -0.7926 -0.4029 -0.4576
vn 0.0310 0.9994 0.0179
vn -0.7406 -0.5749 -0.3480
vn 0.6556 0.5896 0.4718
vn -0.7629 -0.4733 -0.4405
vn 0.3487 0.9154 0.2013
vn -0.7675 -0.3964 -0.5037
vn 0.8161 0.4141 0.4032
vn -0.8468 -0.2097 -0.4889
vn 0.2248 0.9657 0.1298
vn -0.8200 -0.3964 -0.4128
vn 0.7572 0.4141 0.5051
vn -0.8347 -0.2665 -0.4819
vn 0.4358 0.8642 0.2516
vn -0.9261 -0.2076 -0.3151
vn 0.2970 0.1500 0.9430
vn -0.7909 -0.4075 -0.4566
vn 0.6749 -0.6266 0.3897
vn -0.7359 -0.2076 -0.6445
vn 0.9652 0.1500 -0.2143
vn -0.8650 -0.0479 -0.4994
vn 0.5255 0.7948 0.3034
vn -0.9433 -0.0000 -0.3320
vn 0.3222 -0.0000 0.9467
vn -0.8520 -0.1790 -0.4919
vn 0.6069 -0.7134 0.3504
vn -0.7591 -0.0000 -0.6509
vn 0.9809 -0.0000 -0.1943
vn -0.8520 0.1790 -0.4919
vn 0.6069 0.7134 0.3504
vn -0.9261 0.2076 -0.3151
vn 0.2970 -0.1500 0.9430
vn -0.8650 0.0479 -0.4994
vn 0.5255 -0.7948 0.3034
vn -0.7359 0.2076 -0.6445
vn 0.9652 -0.1500 -0.2143
vn -0.7909 0.4075 -0.4566
vn 0.6749 0.6266 0.3897
vn -0.7675 0.3964 -0.5037
vn 0.8161 -0.4141 0.4032
vn -0.8347 0.2665 -0.4819
vn 0.4358 -0.8642 0.2516
vn -0.8200 0.3964 -0.4128
vn 0.7572 -0.4141 0.5051
vn -0.8468 0.2097 -0.4889
vn 0.2248 -0.9657 0.1298
vn -0.6716 0.5749 -0.4674
vn 0.7364 -0.5896 0.3318
vn -0.7629 0.4733 -0.4405
vn 0.3487 -0.9154 0.2013
vn -0.7406 0.5749 -0.3480
vn 0.6556 -0.5896 0.4718
vn -0.7926 0.4029 -0.4576
vn 0.0311 -0.9994 0.0179
vn -0.5411 0.7240 -0.4278
vn 0.6375 -0.7353 0.2299
vn -0.6480 0.6635 -0.3741
vn 0.2787 -0.9468 0.1609
vn -0.6410 0.7240 -0.2547
vn 0.5178 -0.7353 0.4372
vn -0.7119 0.5694 -0.4110
vn -0.1610 -0.9826 -0.0930
vn -0.3857 0.8375 -0.3870
vn 0.5241 -0.8447 0.1085
vn -0.4938 0.8215 -0.2851
vn 0.2388 -0.9612 0.1379
vn -0.5280 0.8375 -0.1405
vn 0.3560 -0.8447 0.3996
vn -0.6113 0.7083 -0.3530
vn -0.3355 -0.9219 -0.1937
vn -0.4535 0.8751 0.1692
vn 0.0964 -0.8522 0.5143
vn -0.3219 0.9284 -0.1858
vn 0.2250 -0.9657 0.1299
vn -0.0802 0.8751 -0.4773
vn 0.4936 -0.8522 -0.1737
vn 0.2562 0.9552 0.1479
vn 0.7520 -0.4959 0.4342
vn -0.2711 0.9519 0.1426
vn 0.0559 -0.9604 0.2730
vn -0.1512 0.9846 -0.0873
vn 0.2056 -0.9714 0.1187
vn -0.0120 0.9519 -0.3061
vn 0.2644 -0.9604 -0.0881
vn 0.2881 0.9430 0.1663
vn 0.4769 -0.8347 0.2754
vn 0.2636 -0.9526 0.1522
vn 0.0933 0.9942 0.0539
vn -0.0000 -0.9526 -0.3043
vn -0.0000 0.9942 -0.1077
vn -0.2635 -0.9526 0.1522
vn -0.0933 0.9942 0.0539
vn 0.0120 -0.9519 -0.3060
vn -0.2644 0.9604 -0.0881
vn -0.2881 -0.9431 0.1663
vn -0.4769 0.8347 0.2754
vn 0.2711 -0.9519 0.1426
vn -0.0559 0.9604 0.2730
vn 0.1512 -0.9846 -0.0873
vn -0.2056 0.9714 0.1187
vn 0.0802 -0.8751 -0.4773
vn -0.4936 0.8522 -0.1737
vn -0.2562 -0.9552 0.1479
vn -0.7520 0.4959 0.4342
vn 0.4535 -0.8751 0.1692
vn -0.0964 0.8522 0.5143
vn 0.3219 -0.9284 -0.1858
vn -0.2250 0.9657 0.1299
vn 0.5280 -0.8375 -0.1405
vn -0.3560 0.8447 0.3996
vn 0.6113 -0.7083 -0.3530
vn 0.3355 0.9219 -0.1937
vn 0.3857 -0.8375 -0.3870
vn -0.5241 0.8447 0.1085
vn 0.4938 -0.8215 -0.2851
vn -0.2388 0.9612 0.1378
vn 0.6410 -0.7240 -0.2547
vn -0.5178 0.7353 0.4372
vn 0.7119 -0.5694 -0.4110
vn 0.1610 0.9826 -0.0930
vn 0.5411 -0.7240 -0.4278
vn -0.6375 0.7353 0.2299
vn 0.6480 -0.6635 -0.3741
vn -0.2787 0.9468 0.1609
vn 0.7406 -0.5749 -0.3480
vn -0.6556 0.5896 0.4718
vn 0.7926 -0.4029 -0.4576
vn -0.0311 0.9994 0.0179
vn 0.6716 -0.5749 -0.4674
vn -0.7364 0.5896 0.3318
vn 0.7629 -0.4733 -0.4405
vn -0.3487 0.9154 0.2013
vn 0.8200 -0.3964 -0.4128
vn -0.7572 0.4141 0.5051
vn 0.8468 -0.2097 -0.4889
vn -0.2248 0.9657 0.1298
vn 0.7675 -0.3964 -0.5037
vn -0.8161 0.4141 0.4032
vn 0.8347 -0.2665 -0.4819
vn -0.4358 0.8642 0.2516
vn 0.7359 -0.2076 -0.6445
vn -0.9652 0.1500 -0.2143
vn 0.7909 -0.4075 -0.4566
vn -0.6749 -0.6266 0.3897
vn 0.9261 -0.2076 -0.3151
vn -0.2970 0.1500 0.9430
vn 0.8650 -0.0479 -0.4994
vn -0.5255 0.7948 0.3034
vn 0.7591 -0.0000 -0.6509
vn -0.9809 -0.0000 -0.1943
vn 0.8520 -0.1790 -0.4919
vn -0.6069 -0.7134 0.3504
vn 0.9433 -0.0000 -0.3320
vn -0.3222 -0.0000 0.9467
vn 0.8520 0.1790 -0.4919
vn -0.6069 0.7134 0.3504
vn 0.7359 0.2076 -0.6445
vn -0.9652 -0.1500 -0.2143
vn 0.8650 0.0479 -0.4994
vn -0.5255 -0.7948 0.3034
vn 0.9261 0.2076 -0.3151
vn -0.2970 -0.1500 0.9430
vn 0.7909 0.4075 -0.4566
vn -0.6749 0.6266 0.3897
vn 0.8200 0.3964 -0.4128
vn -0.7572 -0.4141 0.5051
vn 0.8347 0.2665 -0.4819
vn -0.4358 -0.8642 0.2516
vn 0.7675 0.3964 -0.5037
vn -0.8161 -0.4141 0.4032
vn 0.8468 0.2097 -0.4889
vn -0.2248 -0.9657 0.1298
vn 0.7406 0.5749 -0.3480
vn -0.6556 -0.5896 0.4718
vn 0.7629 0.4733 -0.4405
vn -0.3487 -0.9154 0.2013
vn 0.6716 0.5749 -0.4674
vn -0.7364 -0.5896 0.3318
vn 0.7926 0.4029 -0.4576
vn -0.0311 -0.9994 0.0179
vn 0.6410 0.7240 -0.2547
vn -0.5178 -0.7353 0.4372
vn 0.6480 0.6635 -0.3741
vn -0.2787 -0.9468 0.1609
vn 0.5411 0.7240 -0.4278
vn -0.6375 -0.7353 0.2299
vn 0.7119 0.5694 -0.4110
vn 0.1610 -0.9826 -0.0930
vn 0.5280 0.8375 -0.1405
vn -0.3560 -0.8447 0.3996
vn 0.4938 0.8215 -0.2851
vn -0.2388 -0.9612 0.1379
vn 0.3857 0.8375 -0.3870
vn -0.5241 -0.8447 0.1085
vn 0.6113 0.7083 -0.3530
vn 0.3355 -0.9219 -0.1937
vn 0.0802 0.8751 -0.4773
vn -0.4936 -0.8522 -0.1737
vn 0.3219 0.9284 -0.1858
vn -0.2250 -0.9657 0.1299
vn 0.4535 0.8751 0.1692
vn -0.0964 -0.8522 0.5143
vn -0.2562 0.9552 0.1479
vn -0.7520 -0.4959 0.4342
vn 0.0120 0.9519 -0.3061
vn -0.2644 -0.9604 -0.0881
vn 0.1512 0.9846 -0.0873
vn -0.2056 -0.9714 0.1187
vn 0.2711 0.9519 0.1426
vn -0.0559 -0.9604 0.2730
vn -0.2881 0.9430 0.1663
vn -0.4769 -0.8347 0.2754
vn -0.0000 0.9526 -0.3043
vn -0.0000 -0.9942 -0.1077
vn 0.2635 0.9526 0.1522
vn 0.0933 -0.9942 0.0539
vn -0.2635 0.9526 0.1522
vn -0.0933 -0.9942 0.0539
vn -0.2871 0.9188 -0.2707
vn -0.2454 -0.9277 0.2813
vn -0.0000 0.9426 -0.3339
vn -0.0000 -0.9994 0.0342
vn 0.2871 0.9188 -0.2707
vn 0.2454 -0.9277 0.2813
vn -0.0000 0.9718 0.2359
vn -0.0000 -0.7876 0.6162
vn -0.4016 0.8135 -0.4207
vn -0.4492 -0.7880 0.4211
vn -0.0000 0.8413 -0.5405
vn -0.0000 -0.9925 0.1225
vn 0.4016 0.8135 -0.4207
vn 0.4492 -0.7880 0.4211
vn -0.0000 0.9754 0.2207
vn -0.0000 -0.4276 0.9039
vn 0.0479 0.7676 -0.6392
vn 0.0584 -0.7752 0.6290
vn -0.0000 0.6893 -0.7245
vn -0.0000 -0.9794 0.2018
vn -0.0479 0.7676 -0.6392
vn -0.0584 -0.7752 0.6290
vn -0.0000 0.6528 -0.7575
vn -0.0000 -0.9776 -0.2107
vn 0.0114 0.6283 -0.7779
vn 0.0146 -0.6402 0.7681
vn -0.0000 0.5061 -0.8625
vn -0.0000 -0.9569 0.2904
vn -0.0114 0.6283 -0.7779
vn -0.0146 -0.6402 0.7681
vn -0.0000 0.5046 -0.8633
vn -0.0000 -0.9999 0.0169
vn -0.0138 0.4638 -0.8858
vn -0.0144 -0.4797 0.8773
vn -0.0000 0.3074 -0.9516
vn -0.0000 -0.9214 0.3886
vn 0.0138 0.4638 -0.8858
vn 0.0144 -0.4797 0.8773
vn -0.0000 0.3338 -0.9427
vn -0.0000 -0.9701 0.2426
vn -0.0303 0.2812 -0.9592
vn -0.0316 -0.3009 0.9531
vn -0.0000 0.0968 -0.9953
vn -0.0000 -0.8712 0.4910
vn 0.0303 0.2812 -0.9592
vn 0.0316 -0.3009 0.9531
vn -0.0000 0.1412 -0.9900
vn -0.0000 -0.8964 0.4432
vn -0.2426 0.0963 -0.9653
vn -0.7389 -0.0658 0.6706
vn -0.0000 -0.1235 -0.9923
vn -0.0000 -0.8062 0.5916
vn 0.2426 0.0963 -0.9653
vn 0.7389 -0.0658 0.6706
vn -0.0000 0.3493 -0.9370
vn -0.0000 0.7266 0.6870
vn -0.2426 -0.0963 -0.9653
vn -0.7389 0.0658 0.6705
vn -0.0000 -0.3493 -0.9370
vn -0.0000 -0.7266 0.6870
vn 0.2426 -0.0963 -0.9653
vn 0.7389 0.0658 0.6706
vn -0.0000 0.1235 -0.9923
vn -0.0000 0.8062 0.5916
vn -0.0303 -0.2812 -0.9592
vn -0.0316 0.3009 0.9531
vn -0.0000 -0.1412 -0.9900
vn -0.0000 0.8964 0.4432
vn 0.0303 -0.2812 -0.9592
vn 0.0316 0.3009 0.9531
vn -0.0000 -0.0968 -0.9953
vn -0.0000 0.8712 0.4910
vn -0.0138 -0.4638 -0.8858
vn -0.0144 0.4797 0.8773
vn -0.0000 -0.3338 -0.9427
vn -0.0000 0.9701 0.2426
vn 0.0138 -0.4638 -0.8858
vn 0.0144 0.4797 0.8773
vn -0.0000 -0.3074 -0.9516
vn -0.0000 0.9214 0.3886
vn 0.0114 -0.6283 -0.7779
vn 0.0146 0.6402 0.7681
vn -0.0000 -0.5046 -0.8633
vn -0.0000 0.9999 0.0169
vn -0.0114 -0.6283 -0.7779
vn -0.0146 0.6402 0.7681
vn -0.0000 -0.5061 -0.8625
vn -0.0000 0.9569 0.2904
vn 0.0479 -0.7676 -0.6392
vn 0.0584 0.7752 0.6290
vn -0.0000 -0.6528 -0.7575
vn -0.0000 0.9776 -0.2107
vn -0.0479 -0.7676 -0.6392
vn -0.0584 0.7752 0.6290
vn -0.0000 -0.6893 -0.7245
vn -0.0000 0.9794 0.2018
vn -0.4016 -0.8135 -0.4207
vn -0.4492 0.7880 0.4211
vn -0.0000 -0.9754 0.2207
vn -0.0000 0.4276 0.9039
vn 0.4016 -0.8135 -0.4207
vn 0.4492 0.7880 0.4211
vn -0.0000 -0.8413 -0.5405
vn -0.0000 0.9925 0.1225
vn -0.2871 -0.9188 -0.2707
vn -0.2454 0.9277 0.2813
vn -0.0000 -0.9718 0.2359
vn -0.0000 0.7876 0.6162
vn 0.2871 -0.9188 -0.2707
vn 0.2454 0.9277 0.2813
vn -0.0000 -0.9426 -0.3339
vn -0.0000 0.9994 0.0342
vn 0.3780 0.9188 -0.1133
vn -0.1210 -0.9277 -0.3532
vn 0.2891 0.9426 0.1669
vn -0.0296 -0.9994 -0.0171
vn 0.0909 0.9188 0.3840
vn -0.3664 -0.9277 0.0719
vn -0.2043 0.9718 -0.1179
vn -0.5336 -0.7876 -0.3081
vn 0.5651 0.8135 -0.1375
vn -0.1400 -0.7880 -0.5996
vn 0.4681 0.8413 0.2703
vn -0.1061 -0.9925 -0.0613
vn 0.1635 0.8135 0.5582
vn -0.5893 -0.7880 0.1785
vn -0.1911 0.9754 -0.1103
vn -0.7828 -0.4276 -0.4520
vn 0.5296 0.7676 0.3610
vn -0.5739 -0.7752 -0.2640
vn 0.6274 0.6893 0.3622
vn -0.1747 -0.9794 -0.1009
vn 0.5775 0.7676 0.2781
vn -0.5156 -0.7752 -0.3651
vn 0.6560 0.6528 0.3788
vn 0.1825 -0.9776 0.1053
vn 0.6680 0.6283 0.3988
vn -0.6725 -0.6402 -0.3714
vn 0.7469 0.5061 0.4312
vn -0.2515 -0.9569 -0.1452
vn 0.6794 0.6283 0.3791
vn -0.6579 -0.6402 -0.3967
vn 0.7477 0.5046 0.4317
vn -0.0147 -0.9999 -0.0085
vn 0.7741 0.4638 0.4309
vn -0.7526 -0.4797 -0.4511
vn 0.8241 0.3074 0.4758
vn -0.3366 -0.9214 -0.1943
vn 0.7602 0.4638 0.4549
vn -0.7670 -0.4797 -0.4262
vn 0.8164 0.3338 0.4713
vn -0.2101 -0.9701 -0.1213
vn 0.8458 0.2812 0.4534
vn -0.8097 -0.3009 -0.5039
vn 0.8620 0.0968 0.4977
vn -0.4252 -0.8712 -0.2455
vn 0.8155 0.2812 0.5058
vn -0.8412 -0.3009 -0.4492
vn 0.8573 0.1412 0.4950
vn -0.3838 -0.8964 -0.2216
vn 0.9573 0.0963 0.2726
vn -0.2112 -0.0658 -0.9752
vn 0.8594 -0.1235 0.4962
vn -0.5123 -0.8062 -0.2958
vn 0.7147 0.0963 0.6928
vn -0.9502 -0.0658 0.3047
vn 0.8115 0.3493 0.4685
vn -0.5950 0.7266 -0.3435
vn 0.9573 -0.0963 0.2726
vn -0.2112 0.0658 -0.9752
vn 0.8115 -0.3493 0.4685
vn -0.5950 -0.7266 -0.3435
vn 0.7147 -0.0963 0.6928
vn -0.9502 0.0658 0.3047
vn 0.8594 0.1235 0.4962
vn -0.5123 0.8062 -0.2958
vn 0.8458 -0.2812 0.4534
vn -0.8097 0.3009 -0.5039
vn 0.8573 -0.1412 0.4950
vn -0.3839 0.8964 -0.2216
vn 0.8155 -0.2812 0.5058
vn -0.8412 0.3009 -0.4492
vn 0.8620 -0.0968 0.4977
vn -0.4252 0.8712 -0.2455
vn 0.7741 -0.4638 0.4309
vn -0.7526 0.4797 -0.4511
vn 0.8164 -0.3338 0.4713
vn -0.2101 0.9701 -0.1213
vn 0.7602 -0.4638 0.4549
vn -0.7670 0.4797 -0.4262
vn 0.8241 -0.3074 0.4758
vn -0.3366 0.9214 -0.1943
vn 0.6680 -0.6283 0.3988
vn -0.6725 0.6402 -0.3714
vn 0.7477 -0.5046 0.4317
vn -0.0147 0.9999 -0.0085
vn 0.6794 -0.6283 0.3791
vn -0.6579 0.6402 -0.3967
vn 0.7469 -0.5061 0.4312
vn -0.2515 0.9569 -0.1452
vn 0.5296 -0.7676 0.3610
vn -0.5739 0.7752 -0.2640
vn 0.6560 -0.6528 0.3788
vn 0.1824 0.9776 0.1053
vn 0.5775 -0.7676 0.2781
vn -0.5156 0.7752 -0.3651
vn 0.6274 -0.6893 0.3622
vn -0.1747 0.9794 -0.1009
vn 0.5651 -0.8135 -0.1375
vn -0.1400 0.7880 -0.5996
vn -0.1911 -0.9754 -0.1103
vn -0.7828 0.4276 -0.4520
vn 0.1635 -0.8135 0.5582
vn -0.5893 0.7880 0.1785
vn 0.4681 -0.8413 0.2703
vn -0.1061 0.9925 -0.0613
vn 0.3780 -0.9188 -0.1133
vn -0.1210 0.9277 -0.3532
vn -0.2043 -0.9718 -0.1179
vn -0.5336 0.7876 -0.3081
vn 0.0909 -0.9188 0.3840
vn -0.3664 0.9277 0.0719
vn 0.2891 -0.9426 0.1669
vn -0.0296 0.9994 -0.0171
vn 0.8525 -0.1757 -0.4922
vn -0.3029 0.9368 0.1749
vn 0.7423 -0.5505 -0.3820
vn -0.6100 0.6711 0.4214
vn 0.0756 -0.9962 -0.0436
vn -0.8494 0.1949 0.4904
vn 0.7020 -0.5505 -0.4519
vn -0.6699 0.6711 0.3176
vn 0.1304 -0.9886 -0.0753
vn -0.8651 0.0470 0.4994
vn 0.7784 -0.4226 -0.4643
vn -0.7674 0.4865 0.4177
vn 0.8658 0.0211 -0.4999
vn -0.3001 0.9380 0.1733
vn 0.7913 -0.4226 -0.4419
vn -0.7455 0.4865 0.4557
vn 0.2078 0.9708 -0.1200
vn -0.8503 0.1895 0.4909
vn 0.8537 0.1815 -0.4880
vn -0.8389 -0.2293 0.4936
vn 0.8432 -0.2283 -0.4868
vn -0.2846 -0.9445 0.1643
vn 0.8495 0.1815 -0.4954
vn -0.8469 -0.2293 0.4797
vn 0.8573 -0.1417 -0.4950
vn -0.2901 -0.9422 0.1675
vn 0.8263 0.2990 -0.4774
vn -0.8158 -0.3431 0.4656
vn 0.1680 0.9810 -0.0970
vn -0.8635 0.0769 0.4985
vn 0.8265 0.2990 -0.4769
vn -0.8111 -0.3431 0.4737
vn 0.7614 -0.4764 -0.4396
vn -0.2720 0.9494 0.1570
vn 0.1362 -0.9262 -0.3517
vn -0.7677 0.5909 0.2479
vn -0.2232 -0.9662 0.1289
vn -0.6662 0.6390 0.3846
vn 0.3726 -0.9262 0.0579
vn -0.5986 0.5909 0.5409
vn 0.7600 0.4794 -0.4388
vn -0.4240 0.8719 0.2448
vn 0.4261 0.1865 -0.8852
vn -0.9933 0.0301 -0.1120
vn 0.8243 -0.3066 -0.4759
vn -0.2956 -0.9399 0.1707
vn 0.9797 0.1865 0.0736
vn -0.3997 0.0301 0.9162
vn 0.4824 -0.8305 -0.2785
vn -0.1776 0.9787 0.1026
vn 0.0828 -0.9800 -0.1810
vn -0.4597 0.8715 0.1709
vn -0.5899 -0.7321 0.3406
vn -0.3927 0.8913 0.2267
vn 0.1981 -0.9800 0.0187
vn -0.3779 0.8715 0.3127
vn 0.7981 0.3883 -0.4608
vn -0.3381 0.9206 0.1952
vn 0.4369 -0.0000 -0.8995
vn -0.9922 -0.0000 -0.1246
vn 0.7981 -0.3883 -0.4608
vn -0.3381 -0.9206 0.1952
vn 0.9975 -0.0000 0.0714
vn -0.3882 -0.0000 0.9216
vn -0.5899 0.7321 0.3406
vn -0.3927 -0.8913 0.2267
vn 0.0828 0.9800 -0.1810
vn -0.4597 -0.8715 0.1709
vn 0.4824 0.8305 -0.2785
vn -0.1776 -0.9787 0.1026
vn 0.1981 0.9800 0.0187
vn -0.3779 -0.8715 0.3127
vn 0.8243 0.3066 -0.4759
vn -0.2956 0.9399 0.1707
vn 0.4261 -0.1865 -0.8852
vn -0.9933 -0.0301 -0.1120
vn 0.7600 -0.4794 -0.4388
vn -0.4240 -0.8719 0.2448
vn 0.9797 -0.1865 0.0736
vn -0.3997 -0.0301 0.9162
vn -0.2232 0.9662 0.1288
vn -0.6662 -0.6390 0.3846
vn 0.1362 0.9262 -0.3517
vn -0.7677 -0.5909 0.2479
vn 0.7614 0.4764 -0.4396
vn -0.2720 -0.9494 0.1571
vn 0.3726 0.9262 0.0579
vn -0.5986 -0.5909 0.5409
vn 0.8432 0.2283 -0.4868
vn -0.2846 0.9445 0.1643
vn 0.8537 -0.1815 -0.4880
vn -0.8389 0.2293 0.4936
vn 0.2078 -0.9708 -0.1200
vn -0.8503 -0.1895 0.4909
vn 0.8495 -0.1815 -0.4954
vn -0.8469 0.2293 0.4797
vn 0.0756 0.9962 -0.0436
vn -0.8494 -0.1949 0.4904
vn 0.7423 0.5505 -0.3820
vn -0.6100 -0.6711 0.4214
vn 0.8525 0.1757 -0.4922
vn -0.3029 -0.9368 0.1749
vn 0.7020 0.5505 -0.4519
vn -0.6699 -0.6711 0.3176
vn 0.8573 0.1417 -0.4950
vn -0.2901 0.9422 0.1675
vn 0.8265 -0.2990 -0.4769
vn -0.8111 0.3431 0.4737
vn 0.1680 -0.9810 -0.0970
vn -0.8635 -0.0769 0.4985
vn 0.8263 -0.2990 -0.4774
vn -0.8158 0.3431 0.4656
vn 0.1304 0.9886 -0.0753
vn -0.8651 -0.0470 0.4994
vn 0.7913 0.4226 -0.4419
vn -0.7455 -0.4865 0.4557
vn 0.8658 -0.0211 -0.4999
vn -0.3001 -0.9380 0.1733
vn 0.7784 0.4226 -0.4643
vn -0.7674 -0.4865 0.4177
vn -0.0382 0.9913 0.1260
vn 0.1214 -0.9925 0.0155
vn -0.1092 0.9920 0.0630
vn -0.0784 -0.9959 0.0452
vn -0.1282 0.9913 -0.0299
vn 0.0473 -0.9925 -0.1128
vn 0.1093 0.9920 -0.0631
vn 0.1489 -0.9851 -0.0860
vn -0.0909 0.9188 0.3840
vn 0.3664 -0.9277 0.0719
vn -0.2891 0.9426 0.1669
vn 0.0296 -0.9994 -0.0171
vn -0.3780 0.9188 -0.1133
vn 0.1210 -0.9277 -0.3532
vn 0.2043 0.9718 -0.1179
vn 0.5336 -0.7876 -0.3081
vn -0.1635 0.8135 0.5582
vn 0.5893 -0.7880 0.1785
vn -0.4681 0.8413 0.2703
vn 0.1061 -0.9925 -0.0613
vn -0.5651 0.8135 -0.1375
vn 0.1400 -0.7880 -0.5996
vn 0.1911 0.9754 -0.1103
vn 0.7828 -0.4276 -0.4520
vn -0.5775 0.7676 0.2781
vn 0.5156 -0.7752 -0.3651
vn -0.6274 0.6893 0.3622
vn 0.1747 -0.9794 -0.1009
vn -0.5296 0.7676 0.3610
vn 0.5739 -0.7752 -0.2640
vn -0.6560 0.6528 0.3788
vn -0.1824 -0.9776 0.1053
vn -0.6794 0.6283 0.3791
vn 0.6579 -0.6402 -0.3967
vn -0.7469 0.5061 0.4312
vn 0.2515 -0.9569 -0.1452
vn -0.6680 0.6283 0.3988
vn 0.6725 -0.6402 -0.3714
vn -0.7477 0.5046 0.4317
vn 0.0146 -0.9999 -0.0085
vn -0.7602 0.4638 0.4549
vn 0.7670 -0.4797 -0.4262
vn -0.8241 0.3074 0.4758
vn 0.3366 -0.9214 -0.1943
vn -0.7741 0.4638 0.4309
vn 0.7526 -0.4797 -0.4511
vn -0.8164 0.3338 0.4713
vn 0.2101 -0.9701 -0.1213
vn -0.8155 0.2812 0.5058
vn 0.8412 -0.3009 -0.4492
vn -0.8620 0.0968 0.4977
vn 0.4252 -0.8712 -0.2455
vn -0.8458 0.2812 0.4534
vn 0.8097 -0.3009 -0.5039
vn -0.8573 0.1412 0.4950
vn 0.3839 -0.8964 -0.2216
vn -0.7147 0.0963 0.6928
vn 0.9502 -0.0658 0.3047
vn -0.8594 -0.1235 0.4962
vn 0.5123 -0.8062 -0.2958
vn -0.9573 0.0963 0.2726
vn 0.2112 -0.0658 -0.9752
vn -0.8115 0.3493 0.4685
vn 0.5950 0.7266 -0.3435
vn -0.7147 -0.0963 0.6928
vn 0.9502 0.0658 0.3047
vn -0.8115 -0.3493 0.4685
vn 0.5950 -0.7266 -0.3435
vn -0.9573 -0.0963 0.2726
vn 0.2112 0.0658 -0.9752
vn -0.8594 0.1235 0.4962
vn 0.5123 0.8062 -0.2958
vn -0.8155 -0.2812 0.5058
vn 0.8412 0.3009 -0.4492
vn -0.8573 -0.1412 0.4950
vn 0.3839 0.8964 -0.2216
vn -0.8458 -0.2812 0.4534
vn 0.8097 0.3009 -0.5039
vn -0.8620 -0.0968 0.4977
vn 0.4252 0.8712 -0.2455
vn -0.7602 -0.4638 0.4549
vn 0.7670 0.4797 -0.4262
vn -0.8164 -0.3338 0.4713
vn 0.2101 0.9701 -0.1213
vn -0.7741 -0.4638 0.4309
vn 0.7526 0.4797 -0.4511
vn -0.8241 -0.3074 0.4758
vn 0.3366 0.9214 -0.1943
vn -0.6794 -0.6283 0.3791
vn 0.6579 0.6402 -0.3967
vn -0.7477 -0.5046 0.4317
vn 0.0146 0.9999 -0.0085
vn -0.6680 -0.6283 0.3988
vn 0.6725 0.6402 -0.3714
vn -0.7469 -0.5061 0.4312
vn 0.2515 0.9569 -0.1452
vn -0.5775 -0.7676 0.2781
vn 0.5156 0.7752 -0.3651
vn -0.6560 -0.6528 0.3788
vn -0.1825 0.9776 0.1053
vn -0.5296 -0.7676 0.3610
vn 0.5739 0.7752 -0.2640
vn -0.6274 -0.6893 0.3622
vn 0.1747 0.9794 -0.1009
vn -0.1635 -0.8135 0.5582
vn 0.5893 0.7880 0.1785
vn 0.1911 -0.9754 -0.1103
vn 0.7828 0.4276 -0.4520
vn -0.5651 -0.8135 -0.1375
vn 0.1400 0.7880 -0.5996
vn -0.4681 -0.8413 0.2703
vn 0.1061 0.9925 -0.0613
vn -0.0909 -0.9188 0.3840
vn 0.3664 0.9277 0.0719
vn 0.2043 -0.9718 -0.1179
vn 0.5336 0.7876 -0.3081
vn -0.3780 -0.9188 -0.1133
vn 0.1210 0.9277 -0.3532
vn -0.2891 -0.9426 0.1669
vn 0.0296 0.9994 -0.0171
vn -0.0000 0.9886 0.1505
vn -0.0000 -0.0470 -0.9989
vn -0.0129 0.4226 0.9062
vn -0.0219 -0.4865 -0.8734
vn -0.0000 -0.0211 0.9998
vn -0.0000 -0.9380 -0.3466
vn 0.0129 0.4226 0.9062
vn 0.0219 -0.4865 -0.8734
vn -0.0000 0.1757 0.9844
vn -0.0000 -0.9368 -0.3498
vn 0.0403 0.5505 0.8339
vn 0.0599 -0.6711 -0.7390
vn -0.0000 0.9962 0.0873
vn -0.0000 -0.1949 -0.9808
vn -0.0403 0.5505 0.8339
vn -0.0599 -0.6711 -0.7390
vn -0.0000 0.0211 0.9998
vn -0.0000 0.9380 -0.3466
vn -0.0129 -0.4226 0.9062
vn -0.0219 0.4865 -0.8734
vn -0.0000 -0.9886 0.1505
vn -0.0000 0.0470 -0.9989
vn 0.0129 -0.4226 0.9062
vn 0.0219 0.4865 -0.8734
vn -0.0000 -0.9810 0.1940
vn -0.0000 -0.0769 -0.9970
vn 0.0003 -0.2990 0.9543
vn 0.0047 0.3431 -0.9393
vn -0.0000 0.1417 0.9899
vn -0.0000 0.9422 -0.3350
vn -0.0003 -0.2990 0.9543
vn -0.0047 0.3431 -0.9393
vn -0.0000 0.9810 0.1940
vn -0.0000 0.0769 -0.9970
vn -0.0003 0.2990 0.9543
vn -0.0047 -0.3431 -0.9393
vn -0.0000 -0.1417 0.9899
vn -0.0000 -0.9422 -0.3350
vn 0.0003 0.2990 0.9543
vn 0.0047 -0.3431 -0.9393
vn -0.0000 -0.1757 0.9844
vn -0.0000 0.9368 -0.3498
vn -0.0403 -0.5505 0.8339
vn -0.0599 0.6711 -0.7390
vn -0.0000 -0.9962 0.0873
vn -0.0000 0.1949 -0.9808
vn 0.0403 -0.5505 0.8339
vn 0.0599 0.6711 -0.7390
vn -0.0000 0.9708 0.2400
vn -0.0000 0.1895 -0.9819
vn -0.0042 0.1815 0.9834
vn -0.0080 -0.2293 -0.9733
vn -0.0000 -0.2283 0.9736
vn -0.0000 -0.9445 -0.3286
vn 0.0042 0.1815 0.9834
vn 0.0080 -0.2293 -0.9733
vn -0.0000 -0.4764 0.8792
vn -0.0000 0.9494 -0.3141
vn 0.2365 -0.9262 0.2938
vn 0.1691 0.5909 -0.7888
vn -0.0000 -0.9662 -0.2577
vn -0.0000 0.6390 -0.7692
vn -0.2365 -0.9262 0.2938
vn -0.1691 0.5909 -0.7888
vn -0.0000 0.4794 0.8776
vn -0.0000 0.8719 -0.4896
vn 0.5536 0.1865 0.8116
vn 0.5936 0.0301 -0.8042
vn -0.0000 -0.3066 0.9518
vn -0.0000 -0.9399 -0.3413
vn -0.5536 0.1865 0.8116
vn -0.5936 0.0301 -0.8042
vn -0.0000 -0.8305 0.5570
vn -0.0000 0.9787 -0.2051
vn 0.1153 -0.9800 0.1622
vn 0.0819 0.8715 -0.4836
vn -0.0000 -0.7321 -0.6812
vn -0.0000 0.8913 -0.4534
vn -0.1153 -0.9800 0.1622
vn -0.0819 0.8715 -0.4836
vn -0.0000 0.3883 0.9215
vn -0.0000 0.9206 -0.3904
vn 0.5605 -0.0000 0.8281
vn 0.6040 -0.0000 -0.7970
vn -0.0000 -0.3883 0.9215
vn -0.0000 -0.9206 -0.3904
vn -0.5605 -0.0000 0.8281
vn -0.6040 -0.0000 -0.7970
vn -0.0000 0.7321 -0.6812
vn -0.0000 -0.8913 -0.4534
vn 0.1153 0.9800 0.1622
vn 0.0819 -0.8715 -0.4836
vn -0.0000 0.8305 0.5570
vn -0.0000 -0.9787 -0.2051
vn -0.1153 0.9800 0.1622
vn -0.0819 -0.8715 -0.4836
vn -0.0000 0.3066 0.9518
vn -0.0000 0.9399 -0.3413
vn 0.5536 -0.1865 0.8116
vn 0.5936 -0.0301 -0.8042
vn -0.0000 -0.4794 0.8776
vn -0.0000 -0.8719 -0.4896
vn -0.5536 -0.1865 0.8116
vn -0.5936 -0.0301 -0.8042
vn -0.0000 0.9662 -0.2577
vn -0.0000 -0.6390 -0.7692
vn 0.2365 0.9262 0.2938
vn 0.1691 -0.5909 -0.7888
vn -0.0000 0.4764 0.8792
vn -0.0000 -0.9494 -0.3141
vn -0.2365 0.9262 0.2938
vn -0.1691 -0.5909 -0.7888
vn -0.0000 0.2283 0.9736
vn -0.0000 0.9445 -0.3286
vn -0.0042 -0.1815 0.9834
vn -0.0080 0.2293 -0.9733
vn -0.0000 -0.9708 0.2400
vn -0.0000 -0.1895 -0.9819
vn 0.0042 -0.1815 0.9834
vn 0.0080 0.2293 -0.9733
vn -0.0900 0.9913 -0.0961
vn -0.0741 -0.9925 0.0974
vn -0.0000 0.9920 -0.1261
vn -0.0000 -0.9959 -0.0905
vn 0.0900 0.9913 -0.0961
vn 0.0741 -0.9925 0.0974
vn -0.0000 0.9920 0.1262
vn -0.0000 -0.9851 0.1720
vn -0.0900 -0.9913 -0.0961
vn -0.0741 0.9925 0.0974
vn -0.0000 -0.9920 0.1262
vn -0.0000 0.9851 0.1720
vn 0.0900 -0.9913 -0.0961
vn 0.0741 0.9925 0.0974
vn -0.0000 -0.9920 -0.1261
vn -0.0000 0.9959 -0.0905
vn 0.1282 0.9913 -0.0299
vn -0.0473 -0.9925 -0.1128
vn 0.1092 0.9920 0.0630
vn 0.0784 -0.9959 0.0452
vn 0.0382 0.9913 0.1260
vn -0.1214 -0.9925 0.0155
vn -0.1093 0.9920 -0.0631
vn -0.1489 -0.9851 -0.0860
vn 0.1282 -0.9913 -0.0299
vn -0.0473 0.9925 -0.1128
vn -0.1093 -0.9920 -0.0631
vn -0.1489 0.9851 -0.0860
vn 0.0382 -0.9913 0.1260
vn -0.1214 0.9925 0.0155
vn 0.1092 -0.9920 0.0630
vn 0.0784 0.9959 0.0452
vn -0.0382 -0.9913 0.1260
vn 0.1214 0.9925 0.0155
vn 0.1093 -0.9920 -0.0631
vn 0.1489 0.9851 -0.0860
vn -0.1282 -0.9913 -0.0299
vn 0.0473 0.9925 -0.1128
vn -0.1092 -0.9920 0.0630
vn -0.0783 0.9959 0.0452
vn -0.7981 0.3883 -0.4608
vn 0.3381 0.9206 0.1952
vn -0.9975 -0.0000 0.0714
vn 0.3882 -0.0000 0.9216
vn -0.7981 -0.3883 -0.4608
vn 0.3381 -0.9206 0.1952
vn -0.4369 -0.0000 -0.8995
vn 0.9922 -0.0000 -0.1246
vn -0.8243 -0.3066 -0.4759
vn 0.2956 -0.9399 0.1707
vn -0.4261 0.1865 -0.8852
vn 0.9933 0.0301 -0.1120
vn -0.7600 0.4794 -0.4388
vn 0.4240 0.8719 0.2448
vn -0.9797 0.1865 0.0736
vn 0.3997 0.0301 0.9162
vn 0.5899 0.7321 0.3406
vn 0.3927 -0.8913 0.2267
vn -0.1981 0.9800 0.0187
vn 0.3779 -0.8715 0.3127
vn -0.4824 0.8305 -0.2785
vn 0.1776 -0.9787 0.1026
vn -0.0828 0.9800 -0.1810
vn 0.4597 -0.8715 0.1709
vn 0.5899 -0.7321 0.3406
vn 0.3927 0.8913 0.2267
vn -0.0828 -0.9800 -0.1810
vn 0.4597 0.8715 0.1709
vn -0.4824 -0.8305 -0.2785
vn 0.1776 0.9787 0.1026
vn -0.1981 -0.9800 0.0187
vn 0.3779 0.8715 0.3127
vn -0.8243 0.3066 -0.4759
vn 0.2956 0.9399 0.1707
vn -0.9797 -0.1865 0.0736
vn 0.3997 -0.0301 0.9162
vn -0.7600 -0.4794 -0.4388
vn 0.4240 -0.8719 0.2448
vn -0.4261 -0.1865 -0.8852
vn 0.9933 -0.0301 -0.1120
vn 0.2232 0.9662 0.1288
vn 0.6662 -0.6390 0.3846
vn -0.3726 0.9262 0.0579
vn 0.5986 -0.5909 0.5409
vn -0.7614 0.4764 -0.4396
vn 0.2720 -0.9494 0.1570
vn -0.1362 0.9262 -0.3517
vn 0.7677 -0.5909 0.2479
vn -0.8432 0.2283 -0.4868
vn 0.2846 0.9445 0.1643
vn -0.8495 -0.1815 -0.4954
vn 0.8469 0.2293 0.4797
vn -0.2078 -0.9708 -0.1200
vn 0.8503 -0.1895 0.4909
vn -0.8537 -0.1815 -0.4880
vn 0.8389 0.2293 0.4936
vn -0.0756 0.9962 -0.0436
vn 0.8494 -0.1949 0.4904
vn -0.7020 0.5505 -0.4519
vn 0.6699 -0.6711 0.3176
vn -0.8525 0.1757 -0.4922
vn 0.3029 -0.9368 0.1749
vn -0.7423 0.5505 -0.3820
vn 0.6100 -0.6711 0.4214
vn -0.8573 0.1417 -0.4950
vn 0.2901 0.9422 0.1675
vn -0.8263 -0.2990 -0.4774
vn 0.8158 0.3431 0.4656
vn -0.1680 -0.9810 -0.0970
vn 0.8635 -0.0769 0.4985
vn -0.8265 -0.2990 -0.4769
vn 0.8111 0.3431 0.4737
vn -0.1304 0.9886 -0.0753
vn 0.8651 -0.0470 0.4994
vn -0.7784 0.4226 -0.4643
vn 0.7674 -0.4865 0.4178
vn -0.8658 -0.0211 -0.4999
vn 0.3001 -0.9380 0.1733
vn -0.7913 0.4226 -0.4419
vn 0.7455 -0.4865 0.4557
vn -0.8658 0.0211 -0.4999
vn 0.3001 0.9380 0.1733
vn -0.7784 -0.4226 -0.4643
vn 0.7674 0.4865 0.4178
vn -0.1304 -0.9886 -0.0753
vn 0.8651 0.0470 0.4994
vn -0.7913 -0.4226 -0.4419
vn 0.7455 0.4865 0.4557
vn -0.1680 0.9810 -0.0970
vn 0.8635 0.0769 0.4985
vn -0.8263 0.2990 -0.4774
vn 0.8158 -0.3431 0.4656
vn -0.8573 -0.1417 -0.4950
vn 0.2901 -0.9422 0.1675
vn -0.8265 0.2990 -0.4769
vn 0.8111 -0.3431 0.4737
vn -0.8525 -0.1757 -0.4922
vn 0.3029 0.9368 0.1749
vn -0.7020 -0.5505 -0.4519
vn 0.6699 0.6711 0.3176
vn -0.0756 -0.9962 -0.0436
vn 0.8494 0.1949 0.4904
vn -0.7423 -0.5505 -0.3820
vn 0.6100 0.6711 0.4214
vn -0.2078 0.9708 -0.1200
vn 0.8503 0.1895 0.4909
vn -0.8495 0.1815 -0.4954
vn 0.8469 -0.2293 0.4797
vn -0.8432 -0.2283 -0.4868
vn 0.2846 -0.9445 0.1643
vn -0.8537 0.1815 -0.4880
vn 0.8389 -0.2293 0.4936
vn -0.7614 -0.4764 -0.4396
vn 0.2720 0.9494 0.1570
vn -0.3726 -0.9262 0.0579
vn 0.5986 0.5909 0.5409
vn 0.2232 -0.9662 0.1288
vn 0.6662 0.6390 0.3846
vn -0.1362 -0.9262 -0.3517
vn 0.7677 0.5909 0.2479
vn 0.3505 -0.9357 0.0404
vn -0.4940 0.7725 -0.3991
vn 0.1226 -0.9899 0.0708
vn -0.4612 0.8464 -0.2663
vn 0.2103 -0.9357 0.2833
vn -0.5926 0.7725 -0.2282
vn 0.7041 -0.5822 0.4065
vn -0.1779 0.9787 -0.1027
vt 0.825951 0.615755
vt -0.153723 -0.303255
vt 1.820389 -0.303255
vt 0.840716 0.615756
vt 0.734512 0.889790
vt 0.838883 0.297710
vt 0.827783 0.297709
vt 0.932155 0.889791
vt 0.777264 0.628540
vt -1.183012 -0.441041
vt 2.849678 -0.441041
vt 0.889403 0.628541
vt 0.789603 0.817927
vt 0.821591 0.244573
vt 0.845076 0.244573
vt 0.877064 0.817927
vt 0.500000 0.724740
vt -2.931633 -0.562121
vt 3.931632 -0.562121
vt 0.821591 0.755427
vt 0.789603 0.182073
vt 0.877064 0.182073
vt 0.845076 0.755427
vt -2.598296 1.562120
vt 0.833333 0.275260
vt 4.264962 1.562120
vt 0.833333 0.724740
vt -2.598300 -0.562121
vt 4.264962 -0.562121
vt 0.838883 0.702290
vt 0.734512 0.110210
vt 0.932155 0.110210
vt 0.827784 0.702291
vt -2.931633 1.562121
vt 0.500000 0.275260
vt 3.931632 1.562120
vt 0.846286 0.659514
vt 0.643890 0.027987
vt 1.022777 0.027986
vt 0.820380 0.659513
vt 0.275460 1.176432
vt 0.840466 0.386068
vt 0.826201 0.386068
vt 1.391206 1.176432
vt 0.846430 0.629123
vt 0.502789 -0.066623
vt 1.163877 -0.066623
vt 0.820236 0.629123
vt 0.502790 1.066623
vt 0.846430 0.370877
vt 0.820236 0.370877
vt 1.163877 1.066623
vt 0.840466 0.613932
vt 0.275460 -0.176432
vt 1.391206 -0.176432
vt 0.826201 0.613932
vt 0.643890 0.972013
vt 0.846286 0.340487
vt 0.820380 0.340486
vt 1.022777 0.972013
vt -0.163877 1.066623
vt 0.179764 0.370877
vt 0.153570 0.370877
vt 0.497211 1.066623
vt 0.173799 0.613933
vt -0.391207 -0.176432
vt 0.724540 -0.176432
vt 0.159535 0.613932
vt -0.022777 0.972014
vt 0.179620 0.340486
vt 0.153714 0.340487
vt 0.356110 0.972013
vt 0.159284 0.615755
vt -0.820390 -0.303255
vt 1.153723 -0.303255
vt 0.174049 0.615755
vt 0.067845 0.889790
vt 0.172216 0.297709
vt 0.161117 0.297710
vt 0.265488 0.889790
vt 0.110598 0.628541
vt -1.849679 -0.441041
vt 2.183011 -0.441040
vt 0.222736 0.628540
vt 0.122936 0.817927
vt 0.154924 0.244573
vt 0.178409 0.244573
vt 0.210397 0.817927
vt 0.166667 0.724740
vt -3.264966 -0.562121
vt 3.598301 -0.562121
vt 0.154924 0.755427
vt 0.122936 0.182073
vt 0.210397 0.182073
vt 0.178409 0.755427
vt -0.820390 1.303256
vt 0.159285 0.384244
vt 0.174049 0.384244
vt 1.153724 1.303256
vt 0.172216 0.702291
vt 0.067845 0.110210
vt 0.265488 0.110210
vt 0.161117 0.702290
vt -3.264969 1.562121
vt 0.166667 0.275260
vt 3.598300 1.562121
vt 0.179620 0.659513
vt -0.022777 0.027986
vt 0.356110 0.027987
vt 0.153714 0.659513
vt -0.391206 1.176432
vt 0.173799 0.386068
vt 0.159535 0.386068
vt 0.724540 1.176433
vt 0.179764 0.629123
vt -0.163877 -0.066623
vt 0.497211 -0.066623
vt 0.153569 0.629123
vt 0.456270 0.817927
vt 0.488258 0.244573
vt 0.511743 0.244573
vt 0.543730 0.817927
vt -0.153723 1.303255
vt 0.825951 0.384244
vt 0.840716 0.384244
vt 1.820390 1.303256
vt -1.849679 1.441041
vt 0.110598 0.371460
vt 0.222736 0.371460
vt 2.183011 1.441040
vt 0.488258 0.755427
vt 0.456269 0.182073
vt 0.543730 0.182073
vt 0.511742 0.755427
vt -1.516345 1.441040
vt 0.443931 0.371460
vt 0.556069 0.371460
vt 2.516346 1.441040
vt 0.505550 0.702291
vt 0.401179 0.110210
vt 0.598821 0.110210
vt 0.494450 0.702290
vt -0.487056 1.303256
vt 0.492618 0.384244
vt 0.507382 0.384244
vt 1.487058 1.303256
vt 0.512953 0.659513
vt 0.310556 0.027987
vt 0.689444 0.027987
vt 0.487047 0.659513
vt -0.057873 1.176432
vt 0.507132 0.386068
vt 0.492868 0.386068
vt 1.057873 1.176432
vt 0.513097 0.629123
vt 0.169456 -0.066623
vt 0.830544 -0.066623
vt 0.486903 0.629123
vt 0.169456 1.066623
vt 0.513097 0.370877
vt 0.486903 0.370877
vt 0.830544 1.066623
vt 0.507132 0.613932
vt -0.057873 -0.176432
vt 1.057873 -0.176432
vt 0.492868 0.613932
vt 0.310557 0.972013
vt 0.512953 0.340487
vt 0.487047 0.340487
vt 0.689444 0.972013
vt 0.492618 0.615755
vt -0.487057 -0.303256
vt 1.487057 -0.303255
vt 0.507383 0.615756
vt 0.401179 0.889790
vt 0.505549 0.297709
vt 0.494451 0.297710
vt 0.598821 0.889790
vt 0.443931 0.628540
vt -1.516346 -0.441041
vt 2.516346 -0.441041
vt 0.556069 0.628541
vt 0.966618 0.937500
vt 1.000000 0.937500
vt 0.666667 0.875000
vt 2.849678 1.441041
vt 0.966618 0.062500
vt 0.666667 0.125000
vt 1.000000 0.062500
vt 0.033382 0.937500
vt 0.333333 0.875000
vt 0.000000 0.937500
vt 0.033382 0.062500
vt 0.000000 0.062500
vt 0.333333 0.125000
vt 0.333333 0.937500
vt 0.000000 0.875000
vt 0.299951 0.937500
vt 0.000000 0.812500
vt 0.182868 0.875000
vt 0.333333 0.812500
vt 0.000000 0.750000
vt 0.153152 0.812500
vt 0.666667 0.750000
vt 0.854167 0.750000
vt 1.000000 0.687500
vt 0.288832 0.687500
vt 0.000000 0.625000
vt 0.149078 0.687500
vt 0.333333 0.687500
vt 0.205922 0.625000
vt 0.000000 0.562500
vt 0.160082 0.625000
vt 0.319285 0.625000
vt 0.151355 0.562500
vt 0.000000 0.500000
vt 0.179060 0.562500
vt 0.252071 0.562500
vt 0.112245 0.500000
vt 0.000000 0.437500
vt 0.208200 0.500000
vt 0.208200 0.500000
vt 0.151355 0.437500
vt 0.252071 0.437500
vt 0.179060 0.437500
vt 0.205922 0.375000
vt 0.319285 0.375000
vt 0.160082 0.375000
vt 0.000000 0.375000
vt 0.288832 0.312500
vt 0.333333 0.312500
vt 0.149078 0.312500
vt 0.854167 0.250000
vt 0.666667 0.250000
vt 1.000000 0.312500
vt 0.846848 0.187500
vt 0.666667 0.187500
vt 1.000000 0.250000
vt 0.817132 0.125000
vt 1.000000 0.187500
vt 0.700049 0.062500
vt 0.666667 0.062500
vt 1.000000 0.125000
vt 0.889403 0.371460
vt 0.833333 1.000000
vt 1.000000 0.750000
vt 0.000000 0.687500
vt 0.000000 0.312500
vt 0.666667 0.937500
vt 0.833333 0.000000
vt 0.166667 1.000000
vt 0.333333 0.062500
vt 0.166667 0.000000
vt 0.777264 0.371460
vt -1.183012 1.441040
s 0
f 373/1/1 374/2/1 345/2/1 351/1/1
f 374/2/2 373/1/2 352/1/2 346/2/2
f 374/2/3 375/3/3 103/3/3 345/2/3
f 375/3/4 374/2/4 346/2/4 104/3/4
f 375/3/5 376/4/5 105/4/5 103/3/5
f 376/4/6 375/3/6 104/3/6 106/4/6
f 376/4/7 373/1/7 351/1/7 105/4/7
f 373/1/8 376/4/8 106/4/8 352/1/8
f 377/5/9 378/6/9 289/6/9 295/5/9
f 378/6/10 377/5/10 296/5/10 290/6/10
f 378/6/11 379/7/11 47/7/11 289/6/11
f 379/7/12 378/6/12 290/6/12 48/7/12
f 379/7/13 380/8/13 49/8/13 47/7/13
f 380/8/14 379/7/14 48/7/14 50/8/14
f 380/8/15 377/5/15 295/5/15 49/8/15
f 377/5/16 380/8/16 50/8/16 296/5/16
f 381/9/17 382/10/17 353/10/17 359/9/17
f 382/10/18 381/9/18 360/9/18 354/10/18
f 382/10/19 383/11/19 111/11/19 353/10/19
f 383/11/20 382/10/20 354/10/20 112/11/20
f 383/11/21 384/12/21 113/12/21 111/11/21
f 384/12/22 383/11/22 112/11/22 114/12/22
f 384/12/23 381/9/23 359/9/23 113/12/23
f 381/9/24 384/12/24 114/12/24 360/9/24
f 385/13/25 386/14/25 297/14/25 303/13/25
f 386/14/26 385/13/26 304/13/26 298/14/26
f 386/14/27 387/15/27 55/15/27 297/14/27
f 387/15/28 386/14/28 298/14/28 56/15/28
f 387/15/29 388/16/29 57/16/29 55/15/29
f 388/16/30 387/15/30 56/15/30 58/16/30
f 388/16/31 385/13/31 303/13/31 57/16/31
f 385/13/32 388/16/32 58/16/32 304/13/32
f 389/17/33 390/18/33 117/18/33 369/17/33
f 390/18/34 389/17/34 370/17/34 118/18/34
f 390/18/35 391/19/35 237/19/35 117/18/35
f 391/19/36 390/18/36 118/18/36 238/19/36
f 391/19/37 389/17/37 369/17/37 237/19/37
f 389/17/38 391/19/38 238/19/38 370/17/38
f 392/20/39 393/21/39 305/21/39 311/20/39
f 393/21/40 392/20/40 312/20/40 306/21/40
f 393/21/41 394/22/41 63/22/41 305/21/41
f 394/22/42 393/21/42 306/21/42 64/22/42
f 394/22/43 395/23/43 65/23/43 63/22/43
f 395/23/44 394/22/44 64/22/44 66/23/44
f 395/23/45 392/20/45 311/20/45 65/23/45
f 392/20/46 395/23/46 66/23/46 312/20/46
f 396/24/47 397/25/47 245/25/47 247/24/47
f 397/25/48 396/24/48 248/24/48 246/25/48
f 397/25/49 398/26/49 3/26/49 245/25/49
f 398/26/50 397/25/50 246/25/50 4/26/50
f 398/26/51 396/24/51 247/24/51 3/26/51
f 396/24/52 398/26/52 4/26/52 248/24/52
f 399/27/53 400/28/53 361/28/53 367/27/53
f 400/28/54 399/27/54 368/27/54 362/28/54
f 400/28/55 401/29/55 119/29/55 361/28/55
f 401/29/56 400/28/56 362/28/56 120/29/56
f 401/29/57 399/27/57 367/27/57 119/29/57
f 399/27/58 401/29/58 120/29/58 368/27/58
f 402/30/59 403/31/59 313/31/59 319/30/59
f 403/31/60 402/30/60 320/30/60 314/31/60
f 403/31/61 404/32/61 71/32/61 313/31/61
f 404/32/62 403/31/62 314/31/62 72/32/62
f 404/32/63 405/33/63 73/33/63 71/32/63
f 405/33/64 404/32/64 72/32/64 74/33/64
f 405/33/65 402/30/65 319/30/65 73/33/65
f 402/30/66 405/33/66 74/33/66 320/30/66
f 406/34/67 407/35/67 243/35/67 5/34/67
f 407/35/68 406/34/68 6/34/68 244/35/68
f 407/35/69 408/36/69 125/36/69 243/35/69
f 408/36/70 407/35/70 244/35/70 126/36/70
f 408/36/71 406/34/71 5/34/71 125/36/71
f 406/34/72 408/36/72 126/36/72 6/34/72
f 409/37/73 410/38/73 321/38/73 327/37/73
f 410/38/74 409/37/74 328/37/74 322/38/74
f 410/38/75 411/39/75 79/39/75 321/38/75
f 411/39/76 410/38/76 322/38/76 80/39/76
f 411/39/77 412/40/77 81/40/77 79/39/77
f 412/40/78 411/39/78 80/39/78 82/40/78
f 412/40/79 409/37/79 327/37/79 81/40/79
f 409/37/80 412/40/80 82/40/80 328/37/80
f 413/41/81 414/42/81 265/42/81 271/41/81
f 414/42/82 413/41/82 272/41/82 266/42/82
f 414/42/83 415/43/83 23/43/83 265/42/83
f 415/43/84 414/42/84 266/42/84 24/43/84
f 415/43/85 416/44/85 25/44/85 23/43/85
f 416/44/86 415/43/86 24/43/86 26/44/86
f 416/44/87 413/41/87 271/41/87 25/44/87
f 413/41/88 416/44/88 26/44/88 272/41/88
f 417/45/89 418/46/89 329/46/89 335/45/89
f 418/46/90 417/45/90 336/45/90 330/46/90
f 418/46/91 419/47/91 87/47/91 329/46/91
f 419/47/92 418/46/92 330/46/92 88/47/92
f 419/47/93 420/48/93 89/48/93 87/47/93
f 420/48/94 419/47/94 88/47/94 90/48/94
f 420/48/95 417/45/95 335/45/95 89/48/95
f 417/45/96 420/48/96 90/48/96 336/45/96
f 421/49/97 422/50/97 273/50/97 279/49/97
f 422/50/98 421/49/98 280/49/98 274/50/98
f 422/50/99 423/51/99 31/51/99 273/50/99
f 423/51/100 422/50/100 274/50/100 32/51/100
f 423/51/101 424/52/101 33/52/101 31/51/101
f 424/52/102 423/51/102 32/51/102 34/52/102
f 424/52/103 421/49/103 279/49/103 33/52/103
f 421/49/104 424/52/104 34/52/104 280/49/104
f 425/53/105 426/54/105 337/54/105 343/53/105
f 426/54/106 425/53/106 344/53/106 338/54/106
f 426/54/107 427/55/107 95/55/107 337/54/107
f 427/55/108 426/54/108 338/54/108 96/55/108
f 427/55/109 428/56/109 97/56/109 95/55/109
f 428/56/110 427/55/110 96/55/110 98/56/110
f 428/56/111 425/53/111 343/53/111 97/56/111
f 425/53/112 428/56/112 98/56/112 344/53/112
f 429/57/113 430/58/113 281/58/113 287/57/113
f 430/58/114 429/57/114 288/57/114 282/58/114
f 430/58/115 431/59/115 39/59/115 281/58/115
f 431/59/116 430/58/116 282/58/116 40/59/116
f 431/59/117 432/60/117 41/60/117 39/59/117
f 432/60/118 431/59/118 40/59/118 42/60/118
f 432/60/119 429/57/119 287/57/119 41/60/119
f 429/57/120 432/60/120 42/60/120 288/57/120
f 433/61/121 434/62/121 147/62/121 153/61/121
f 434/62/122 433/61/122 154/61/122 148/62/122
f 434/62/123 435/63/123 275/63/123 147/62/123
f 435/63/124 434/62/124 148/62/124 276/63/124
f 435/63/125 436/64/125 285/64/125 275/63/125
f 436/64/126 435/63/126 276/63/126 286/64/126
f 436/64/127 433/61/127 153/61/127 285/64/127
f 433/61/128 436/64/128 286/64/128 154/61/128
f 437/65/129 438/66/129 211/66/129 217/65/129
f 438/66/130 437/65/130 218/65/130 212/66/130
f 438/66/131 439/67/131 339/67/131 211/66/131
f 439/67/132 438/66/132 212/66/132 340/67/132
f 439/67/133 440/68/133 349/68/133 339/67/133
f 440/68/134 439/67/134 340/67/134 350/68/134
f 440/68/135 437/65/135 217/65/135 349/68/135
f 437/65/136 440/68/136 350/68/136 218/65/136
f 441/69/137 442/70/137 155/70/137 161/69/137
f 442/70/138 441/69/138 162/69/138 156/70/138
f 442/70/139 443/71/139 283/71/139 155/70/139
f 443/71/140 442/70/140 156/70/140 284/71/140
f 443/71/141 444/72/141 293/72/141 283/71/141
f 444/72/142 443/71/142 284/71/142 294/72/142
f 444/72/143 441/69/143 161/69/143 293/72/143
f 441/69/144 444/72/144 294/72/144 162/69/144
f 445/73/145 446/74/145 219/74/145 225/73/145
f 446/74/146 445/73/146 226/73/146 220/74/146
f 446/74/147 447/75/147 347/75/147 219/74/147
f 447/75/148 446/74/148 220/74/148 348/75/148
f 447/75/149 448/76/149 357/76/149 347/75/149
f 448/76/150 447/75/150 348/75/150 358/76/150
f 448/76/151 445/73/151 225/73/151 357/76/151
f 445/73/152 448/76/152 358/76/152 226/73/152
f 449/77/153 450/78/153 163/78/153 169/77/153
f 450/78/154 449/77/154 170/77/154 164/78/154
f 450/78/155 451/79/155 291/79/155 163/78/155
f 451/79/156 450/78/156 164/78/156 292/79/156
f 451/79/157 452/80/157 301/80/157 291/79/157
f 452/80/158 451/79/158 292/79/158 302/80/158
f 452/80/159 449/77/159 169/77/159 301/80/159
f 449/77/160 452/80/160 302/80/160 170/77/160
f 453/81/161 454/82/161 227/82/161 233/81/161
f 454/82/162 453/81/162 234/81/162 228/82/162
f 454/82/163 455/83/163 355/83/163 227/82/163
f 455/83/164 454/82/164 228/82/164 356/83/164
f 455/83/165 456/84/165 365/84/165 355/83/165
f 456/84/166 455/83/166 356/83/166 366/84/166
f 456/84/167 453/81/167 233/81/167 365/84/167
f 453/81/168 456/84/168 366/84/168 234/81/168
f 457/85/169 458/86/169 171/86/169 177/85/169
f 458/86/170 457/85/170 178/85/170 172/86/170
f 458/86/171 459/87/171 299/87/171 171/86/171
f 459/87/172 458/86/172 172/86/172 300/87/172
f 459/87/173 460/88/173 309/88/173 299/87/173
f 460/88/174 459/87/174 300/87/174 310/88/174
f 460/88/175 457/85/175 177/85/175 309/88/175
f 457/85/176 460/88/176 310/88/176 178/85/176
f 461/89/177 462/90/177 235/90/177 371/89/177
f 462/90/178 461/89/178 372/89/178 236/90/178
f 462/90/179 463/91/179 363/91/179 235/90/179
f 463/91/180 462/90/180 236/90/180 364/91/180
f 463/91/181 461/89/181 371/89/181 363/91/181
f 461/89/182 463/91/182 364/91/182 372/89/182
f 464/92/183 465/93/183 179/93/183 185/92/183
f 465/93/184 464/92/184 186/92/184 180/93/184
f 465/93/185 466/94/185 307/94/185 179/93/185
f 466/94/186 465/93/186 180/93/186 308/94/186
f 466/94/187 467/95/187 317/95/187 307/94/187
f 467/95/188 466/94/188 308/94/188 318/95/188
f 467/95/189 464/92/189 185/92/189 317/95/189
f 464/92/190 467/95/190 318/95/190 186/92/190
f 468/96/191 469/97/191 131/97/191 137/96/191
f 469/97/192 468/96/192 138/96/192 132/97/192
f 469/97/193 470/98/193 259/98/193 131/97/193
f 470/98/194 469/97/194 132/97/194 260/98/194
f 470/98/195 471/99/195 269/99/195 259/98/195
f 471/99/196 470/98/196 260/98/196 270/99/196
f 471/99/197 468/96/197 137/96/197 269/99/197
f 468/96/198 471/99/198 270/99/198 138/96/198
f 472/100/199 473/101/199 187/101/199 193/100/199
f 473/101/200 472/100/200 194/100/200 188/101/200
f 473/101/201 474/102/201 315/102/201 187/101/201
f 474/102/202 473/101/202 188/101/202 316/102/202
f 474/102/203 475/103/203 325/103/203 315/102/203
f 475/103/204 474/102/204 316/102/204 326/103/204
f 475/103/205 472/100/205 193/100/205 325/103/205
f 472/100/206 475/103/206 326/103/206 194/100/206
f 476/104/207 477/105/207 241/105/207 127/104/207
f 477/105/208 476/104/208 128/104/208 242/105/208
f 477/105/209 478/106/209 253/106/209 241/105/209
f 478/106/210 477/105/210 242/105/210 254/106/210
f 478/106/211 476/104/211 127/104/211 253/106/211
f 476/104/212 478/106/212 254/106/212 128/104/212
f 479/107/213 480/108/213 195/108/213 201/107/213
f 480/108/214 479/107/214 202/107/214 196/108/214
f 480/108/215 481/109/215 323/109/215 195/108/215
f 481/109/216 480/108/216 196/108/216 324/109/216
f 481/109/217 482/110/217 333/110/217 323/109/217
f 482/110/218 481/109/218 324/109/218 334/110/218
f 482/110/219 479/107/219 201/107/219 333/110/219
f 479/107/220 482/110/220 334/110/220 202/107/220
f 483/111/221 484/112/221 139/112/221 145/111/221
f 484/112/222 483/111/222 146/111/222 140/112/222
f 484/112/223 485/113/223 267/113/223 139/112/223
f 485/113/224 484/112/224 140/112/224 268/113/224
f 485/113/225 486/114/225 277/114/225 267/113/225
f 486/114/226 485/113/226 268/113/226 278/114/226
f 486/114/227 483/111/227 145/111/227 277/114/227
f 483/111/228 486/114/228 278/114/228 146/111/228
f 487/115/229 488/116/229 203/116/229 209/115/229
f 488/116/230 487/115/230 210/115/230 204/116/230
f 488/116/231 489/117/231 331/117/231 203/116/231
f 489/117/232 488/116/232 204/116/232 332/117/232
f 489/117/233 490/118/233 341/118/233 331/117/233
f 490/118/234 489/117/234 332/117/234 342/118/234
f 490/118/235 487/115/235 209/115/235 341/118/235
f 487/115/236 490/118/236 342/118/236 210/115/236
f 491/119/237 492/120/237 53/120/237 59/119/237
f 492/120/238 491/119/238 60/119/238 54/120/238
f 492/120/239 493/121/239 173/121/239 53/120/239
f 493/121/240 492/120/240 54/120/240 174/121/240
f 493/121/241 494/122/241 183/122/241 173/121/241
f 494/122/242 493/121/242 174/121/242 184/122/242
f 494/122/243 491/119/243 59/119/243 183/122/243
f 491/119/244 494/122/244 184/122/244 60/119/244
f 495/123/245 496/124/245 257/124/245 263/123/245
f 496/124/246 495/123/246 264/123/246 258/124/246
f 496/124/247 497/125/247 15/125/247 257/124/247
f 497/125/248 496/124/248 258/124/248 16/125/248
f 497/125/249 498/126/249 17/126/249 15/125/249
f 498/126/250 497/125/250 16/125/250 18/126/250
f 498/126/251 495/123/251 263/123/251 17/126/251
f 495/123/252 498/126/252 18/126/252 264/123/252
f 499/127/253 500/128/253 121/128/253 129/127/253
f 500/128/254 499/127/254 130/127/254 122/128/254
f 500/128/255 501/129/255 251/129/255 121/128/255
f 501/129/256 500/128/256 122/128/256 252/129/256
f 501/129/257 502/130/257 261/130/257 251/129/257
f 502/130/258 501/129/258 252/129/258 262/130/258
f 502/130/259 499/127/259 129/127/259 261/130/259
f 499/127/260 502/130/260 262/130/260 130/127/260
f 503/131/261 504/132/261 61/132/261 67/131/261
f 504/132/262 503/131/262 68/131/262 62/132/262
f 504/132/263 505/133/263 181/133/263 61/132/263
f 505/133/264 504/132/264 62/132/264 182/133/264
f 505/133/265 506/134/265 191/134/265 181/133/265
f 506/134/266 505/133/266 182/133/266 192/134/266
f 506/134/267 503/131/267 67/131/267 191/134/267
f 503/131/268 506/134/268 192/134/268 68/131/268
f 507/135/269 508/136/269 7/136/269 11/135/269
f 508/136/270 507/135/270 12/135/270 8/136/270
f 508/136/271 509/137/271 123/137/271 7/136/271
f 509/137/272 508/136/272 8/136/272 124/137/272
f 509/137/273 510/138/273 135/138/273 123/137/273
f 510/138/274 509/137/274 124/137/274 136/138/274
f 510/138/275 507/135/275 11/135/275 135/138/275
f 507/135/276 510/138/276 136/138/276 12/135/276
f 511/139/277 512/140/277 69/140/277 75/139/277
f 512/140/278 511/139/278 76/139/278 70/140/278
f 512/140/279 513/141/279 189/141/279 69/140/279
f 513/141/280 512/140/280 70/140/280 190/141/280
f 513/141/281 514/142/281 199/142/281 189/141/281
f 514/142/282 513/141/282 190/141/282 200/142/282
f 514/142/283 511/139/283 75/139/283 199/142/283
f 511/139/284 514/142/284 200/142/284 76/139/284
f 515/143/285 516/144/285 13/144/285 19/143/285
f 516/144/286 515/143/286 20/143/286 14/144/286
f 516/144/287 517/145/287 133/145/287 13/144/287
f 517/145/288 516/144/288 14/144/288 134/145/288
f 517/145/289 518/146/289 143/146/289 133/145/289
f 518/146/290 517/145/290 134/145/290 144/146/290
f 518/146/291 515/143/291 19/143/291 143/146/291
f 515/143/292 518/146/292 144/146/292 20/143/292
f 519/147/293 520/148/293 77/148/293 83/147/293
f 520/148/294 519/147/294 84/147/294 78/148/294
f 520/148/295 521/149/295 197/149/295 77/148/295
f 521/149/296 520/148/296 78/148/296 198/149/296
f 521/149/297 522/150/297 207/150/297 197/149/297
f 522/150/298 521/149/298 198/149/298 208/150/298
f 522/150/299 519/147/299 83/147/299 207/150/299
f 519/147/300 522/150/300 208/150/300 84/147/300
f 523/151/301 524/152/301 21/152/301 27/151/301
f 524/152/302 523/151/302 28/151/302 22/152/302
f 524/152/303 525/153/303 141/153/303 21/152/303
f 525/153/304 524/152/304 22/152/304 142/153/304
f 525/153/305 526/154/305 151/154/305 141/153/305
f 526/154/306 525/153/306 142/153/306 152/154/306
f 526/154/307 523/151/307 27/151/307 151/154/307
f 523/151/308 526/154/308 152/154/308 28/151/308
f 527/155/309 528/156/309 85/156/309 91/155/309
f 528/156/310 527/155/310 92/155/310 86/156/310
f 528/156/311 529/157/311 205/157/311 85/156/311
f 529/157/312 528/156/312 86/156/312 206/157/312
f 529/157/313 530/158/313 215/158/313 205/157/313
f 530/158/314 529/157/314 206/157/314 216/158/314
f 530/158/315 527/155/315 91/155/315 215/158/315
f 527/155/316 530/158/316 216/158/316 92/155/316
f 531/159/317 532/160/317 29/160/317 35/159/317
f 532/160/318 531/159/318 36/159/318 30/160/318
f 532/160/319 533/161/319 149/161/319 29/160/319
f 533/161/320 532/160/320 30/160/320 150/161/320
f 533/161/321 534/162/321 159/162/321 149/161/321
f 534/162/322 533/161/322 150/161/322 160/162/322
f 534/162/323 531/159/323 35/159/323 159/162/323
f 531/159/324 534/162/324 160/162/324 36/159/324
f 535/163/325 536/164/325 93/164/325 99/163/325
f 536/164/326 535/163/326 100/163/326 94/164/326
f 536/164/327 537/165/327 213/165/327 93/164/327
f 537/165/328 536/164/328 94/164/328 214/165/328
f 537/165/329 538/166/329 223/166/329 213/165/329
f 538/166/330 537/165/330 214/165/330 224/166/330
f 538/166/331 535/163/331 99/163/331 223/166/331
f 535/163/332 538/166/332 224/166/332 100/163/332
f 539/167/333 540/168/333 37/168/333 43/167/333
f 540/168/334 539/167/334 44/167/334 38/168/334
f 540/168/335 541/169/335 157/169/335 37/168/335
f 541/169/336 540/168/336 38/168/336 158/169/336
f 541/169/337 542/170/337 167/170/337 157/169/337
f 542/170/338 541/169/338 158/169/338 168/170/338
f 542/170/339 539/167/339 43/167/339 167/170/339
f 539/167/340 542/170/340 168/170/340 44/167/340
f 543/171/341 544/172/341 101/172/341 107/171/341
f 544/172/342 543/171/342 108/171/342 102/172/342
f 544/172/343 545/173/343 221/173/343 101/172/343
f 545/173/344 544/172/344 102/172/344 222/173/344
f 545/173/345 546/174/345 231/174/345 221/173/345
f 546/174/346 545/173/346 222/173/346 232/174/346
f 546/174/347 543/171/347 107/171/347 231/174/347
f 543/171/348 546/174/348 232/174/348 108/171/348
f 547/175/349 548/176/349 45/176/349 51/175/349
f 548/176/350 547/175/350 52/175/350 46/176/350
f 548/176/351 549/177/351 165/177/351 45/176/351
f 549/177/352 548/176/352 46/176/352 166/177/352
f 549/177/353 550/178/353 175/178/353 165/177/353
f 550/178/354 549/177/354 166/177/354 176/178/354
f 550/178/355 547/175/355 51/175/355 175/178/355
f 547/175/356 550/178/356 176/178/356 52/175/356
f 551/179/357 552/180/357 109/180/357 115/179/357
f 552/180/358 551/179/358 116/179/358 110/180/358
f 552/180/359 553/181/359 229/181/359 109/180/359
f 553/181/360 552/180/360 110/180/360 230/181/360
f 553/181/361 554/182/361 239/182/361 229/181/361
f 554/182/362 553/181/362 230/181/362 240/182/362
f 554/182/363 551/179/363 115/179/363 239/182/363
f 551/179/364 554/182/364 240/182/364 116/179/364
f 555/183/365 556/184/365 3/184/365 1/183/365
f 556/184/366 555/183/366 2/183/366 4/184/366
f 556/184/367 557/184/367 5/184/367 3/184/367
f 557/184/368 556/184/368 4/184/368 6/184/368
f 557/184/369 558/185/369 7/185/369 5/184/369
f 558/185/370 557/184/370 6/184/370 8/185/370
f 558/185/371 555/183/371 1/183/371 7/185/371
f 555/183/372 558/185/372 8/185/372 2/183/372
f 559/186/373 560/135/373 11/135/373 9/186/373
f 560/135/374 559/186/374 10/186/374 12/135/374
f 560/135/375 561/144/375 13/144/375 11/135/375
f 561/144/376 560/135/376 12/135/376 14/144/376
f 561/144/377 562/125/377 15/125/377 13/144/377
f 562/125/378 561/144/378 14/144/378 16/125/378
f 562/125/379 559/186/379 9/186/379 15/125/379
f 559/186/380 562/125/380 16/125/380 10/186/380
f 563/126/381 564/143/381 19/143/381 17/126/381
f 564/143/382 563/126/382 18/126/382 20/143/382
f 564/143/383 565/152/383 21/152/383 19/143/383
f 565/152/384 564/143/384 20/143/384 22/152/384
f 565/152/385 566/43/385 23/43/385 21/152/385
f 566/43/386 565/152/386 22/152/386 24/43/386
f 566/43/387 563/126/387 17/126/387 23/43/387
f 563/126/388 566/43/388 24/43/388 18/126/388
f 567/44/389 568/151/389 27/151/389 25/44/389
f 568/151/390 567/44/390 26/44/390 28/151/390
f 568/151/391 569/160/391 29/160/391 27/151/391
f 569/160/392 568/151/392 28/151/392 30/160/392
f 569/160/393 570/51/393 31/51/393 29/160/393
f 570/51/394 569/160/394 30/160/394 32/51/394
f 570/51/395 567/44/395 25/44/395 31/51/395
f 567/44/396 570/51/396 32/51/396 26/44/396
f 571/52/397 572/159/397 35/159/397 33/52/397
f 572/159/398 571/52/398 34/52/398 36/159/398
f 572/159/399 573/168/399 37/168/399 35/159/399
f 573/168/400 572/159/400 36/159/400 38/168/400
f 573/168/401 574/59/401 39/59/401 37/168/401
f 574/59/402 573/168/402 38/168/402 40/59/402
f 574/59/403 571/52/403 33/52/403 39/59/403
f 571/52/404 574/59/404 40/59/404 34/52/404
f 575/60/405 576/167/405 43/167/405 41/60/405
f 576/167/406 575/60/406 42/60/406 44/167/406
f 576/167/407 577/176/407 45/176/407 43/167/407
f 577/176/408 576/167/408 44/167/408 46/176/408
f 577/176/409 578/7/409 47/7/409 45/176/409
f 578/7/410 577/176/410 46/176/410 48/7/410
f 578/7/411 575/60/411 41/60/411 47/7/411
f 575/60/412 578/7/412 48/7/412 42/60/412
f 579/8/413 580/175/413 51/175/413 49/8/413
f 580/175/414 579/8/414 50/8/414 52/175/414
f 580/175/415 581/120/415 53/120/415 51/175/415
f 581/120/416 580/175/416 52/175/416 54/120/416
f 581/120/417 582/15/417 55/15/417 53/120/417
f 582/15/418 581/120/418 54/120/418 56/15/418
f 582/15/419 579/8/419 49/8/419 55/15/419
f 579/8/420 582/15/420 56/15/420 50/8/420
f 583/16/421 584/119/421 59/119/421 57/16/421
f 584/119/422 583/16/422 58/16/422 60/119/422
f 584/119/423 585/132/423 61/132/423 59/119/423
f 585/132/424 584/119/424 60/119/424 62/132/424
f 585/132/425 586/22/425 63/22/425 61/132/425
f 586/22/426 585/132/426 62/132/426 64/22/426
f 586/22/427 583/16/427 57/16/427 63/22/427
f 583/16/428 586/22/428 64/22/428 58/16/428
f 587/23/429 588/131/429 67/131/429 65/23/429
f 588/131/430 587/23/430 66/23/430 68/131/430
f 588/131/431 589/140/431 69/140/431 67/131/431
f 589/140/432 588/131/432 68/131/432 70/140/432
f 589/140/433 590/32/433 71/32/433 69/140/433
f 590/32/434 589/140/434 70/140/434 72/32/434
f 590/32/435 587/23/435 65/23/435 71/32/435
f 587/23/436 590/32/436 72/32/436 66/23/436
f 591/33/437 592/139/437 75/139/437 73/33/437
f 592/139/438 591/33/438 74/33/438 76/139/438
f 592/139/439 593/148/439 77/148/439 75/139/439
f 593/148/440 592/139/440 76/139/440 78/148/440
f 593/148/441 594/39/441 79/39/441 77/148/441
f 594/39/442 593/148/442 78/148/442 80/39/442
f 594/39/443 591/33/443 73/33/443 79/39/443
f 591/33/444 594/39/444 80/39/444 74/33/444
f 595/40/445 596/147/445 83/147/445 81/40/445
f 596/147/446 595/40/446 82/40/446 84/147/446
f 596/147/447 597/156/447 85/156/447 83/147/447
f 597/156/448 596/147/448 84/147/448 86/156/448
f 597/156/449 598/47/449 87/47/449 85/156/449
f 598/47/450 597/156/450 86/156/450 88/47/450
f 598/47/451 595/40/451 81/40/451 87/47/451
f 595/40/452 598/47/452 88/47/452 82/40/452
f 599/48/453 600/155/453 91/155/453 89/48/453
f 600/155/454 599/48/454 90/48/454 92/155/454
f 600/155/455 601/164/455 93/164/455 91/155/455
f 601/164/456 600/155/456 92/155/456 94/164/456
f 601/164/457 602/55/457 95/55/457 93/164/457
f 602/55/458 601/164/458 94/164/458 96/55/458
f 602/55/459 599/48/459 89/48/459 95/55/459
f 599/48/460 602/55/460 96/55/460 90/48/460
f 603/56/461 604/163/461 99/163/461 97/56/461
f 604/163/462 603/56/462 98/56/462 100/163/462
f 604/163/463 605/172/463 101/172/463 99/163/463
f 605/172/464 604/163/464 100/163/464 102/172/464
f 605/172/465 606/3/465 103/3/465 101/172/465
f 606/3/466 605/172/466 102/172/466 104/3/466
f 606/3/467 603/56/467 97/56/467 103/3/467
f 603/56/468 606/3/468 104/3/468 98/56/468
f 607/4/469 608/171/469 107/171/469 105/4/469
f 608/171/470 607/4/470 106/4/470 108/171/470
f 608/171/471 609/180/471 109/180/471 107/171/471
f 609/180/472 608/171/472 108/171/472 110/180/472
f 609/180/473 610/11/473 111/11/473 109/180/473
f 610/11/474 609/180/474 110/180/474 112/11/474
f 610/11/475 607/4/475 105/4/475 111/11/475
f 607/4/476 610/11/476 112/11/476 106/4/476
f 611/187/477 612/188/477 115/188/477 113/187/477
f 612/188/478 611/187/478 114/187/478 116/188/478
f 612/188/479 613/189/479 117/189/479 115/188/479
f 613/189/480 612/188/480 116/188/480 118/189/480
f 613/189/481 614/189/481 119/189/481 117/189/481
f 614/189/482 613/189/482 118/189/482 120/189/482
f 614/189/483 611/187/483 113/187/483 119/189/483
f 611/187/484 614/189/484 120/189/484 114/187/484
f 615/190/485 616/191/485 123/191/485 121/190/485
f 616/191/486 615/190/486 122/190/486 124/191/486
f 616/191/487 617/192/487 125/192/487 123/191/487
f 617/192/488 616/191/488 124/191/488 126/192/488
f 617/192/489 618/192/489 127/192/489 125/192/489
f 618/192/490 617/192/490 126/192/490 128/192/490
f 618/192/491 615/190/491 121/190/491 127/192/491
f 615/190/492 618/192/492 128/192/492 122/190/492
f 619/127/493 620/97/493 131/97/493 129/127/493
f 620/97/494 619/127/494 130/127/494 132/97/494
f 620/97/495 621/145/495 133/145/495 131/97/495
f 621/145/496 620/97/496 132/97/496 134/145/496
f 621/145/497 622/138/497 135/138/497 133/145/497
f 622/138/498 621/145/498 134/145/498 136/138/498
f 622/138/499 619/127/499 129/127/499 135/138/499
f 619/127/500 622/138/500 136/138/500 130/127/500
f 623/96/501 624/112/501 139/112/501 137/96/501
f 624/112/502 623/96/502 138/96/502 140/112/502
f 624/112/503 625/153/503 141/153/503 139/112/503
f 625/153/504 624/112/504 140/112/504 142/153/504
f 625/153/505 626/146/505 143/146/505 141/153/505
f 626/146/506 625/153/506 142/153/506 144/146/506
f 626/146/507 623/96/507 137/96/507 143/146/507
f 623/96/508 626/146/508 144/146/508 138/96/508
f 627/111/509 628/62/509 147/62/509 145/111/509
f 628/62/510 627/111/510 146/111/510 148/62/510
f 628/62/511 629/161/511 149/161/511 147/62/511
f 629/161/512 628/62/512 148/62/512 150/161/512
f 629/161/513 630/154/513 151/154/513 149/161/513
f 630/154/514 629/161/514 150/161/514 152/154/514
f 630/154/515 627/111/515 145/111/515 151/154/515
f 627/111/516 630/154/516 152/154/516 146/111/516
f 631/61/517 632/70/517 155/70/517 153/61/517
f 632/70/518 631/61/518 154/61/518 156/70/518
f 632/70/519 633/169/519 157/169/519 155/70/519
f 633/169/520 632/70/520 156/70/520 158/169/520
f 633/169/521 634/162/521 159/162/521 157/169/521
f 634/162/522 633/169/522 158/169/522 160/162/522
f 634/162/523 631/61/523 153/61/523 159/162/523
f 631/61/524 634/162/524 160/162/524 154/61/524
f 635/69/525 636/78/525 163/78/525 161/69/525
f 636/78/526 635/69/526 162/69/526 164/78/526
f 636/78/527 637/177/527 165/177/527 163/78/527
f 637/177/528 636/78/528 164/78/528 166/177/528
f 637/177/529 638/170/529 167/170/529 165/177/529
f 638/170/530 637/177/530 166/177/530 168/170/530
f 638/170/531 635/69/531 161/69/531 167/170/531
f 635/69/532 638/170/532 168/170/532 162/69/532
f 639/77/533 640/86/533 171/86/533 169/77/533
f 640/86/534 639/77/534 170/77/534 172/86/534
f 640/86/535 641/121/535 173/121/535 171/86/535
f 641/121/536 640/86/536 172/86/536 174/121/536
f 641/121/537 642/178/537 175/178/537 173/121/537
f 642/178/538 641/121/538 174/121/538 176/178/538
f 642/178/539 639/77/539 169/77/539 175/178/539
f 639/77/540 642/178/540 176/178/540 170/77/540
f 643/85/541 644/93/541 179/93/541 177/85/541
f 644/93/542 643/85/542 178/85/542 180/93/542
f 644/93/543 645/133/543 181/133/543 179/93/543
f 645/133/544 644/93/544 180/93/544 182/133/544
f 645/133/545 646/122/545 183/122/545 181/133/545
f 646/122/546 645/133/546 182/133/546 184/122/546
f 646/122/547 643/85/547 177/85/547 183/122/547
f 643/85/548 646/122/548 184/122/548 178/85/548
f 647/92/549 648/101/549 187/101/549 185/92/549
f 648/101/550 647/92/550 186/92/550 188/101/550
f 648/101/551 649/141/551 189/141/551 187/101/551
f 649/141/552 648/101/552 188/101/552 190/141/552
f 649/141/553 650/134/553 191/134/553 189/141/553
f 650/134/554 649/141/554 190/141/554 192/134/554
f 650/134/555 647/92/555 185/92/555 191/134/555
f 647/92/556 650/134/556 192/134/556 186/92/556
f 651/100/557 652/108/557 195/108/557 193/100/557
f 652/108/558 651/100/558 194/100/558 196/108/558
f 652/108/559 653/149/559 197/149/559 195/108/559
f 653/149/560 652/108/560 196/108/560 198/149/560
f 653/149/561 654/142/561 199/142/561 197/149/561
f 654/142/562 653/149/562 198/149/562 200/142/562
f 654/142/563 651/100/563 193/100/563 199/142/563
f 651/100/564 654/142/564 200/142/564 194/100/564
f 655/107/565 656/116/565 203/116/565 201/107/565
f 656/116/566 655/107/566 202/107/566 204/116/566
f 656/116/567 657/157/567 205/157/567 203/116/567
f 657/157/568 656/116/568 204/116/568 206/157/568
f 657/157/569 658/150/569 207/150/569 205/157/569
f 658/150/570 657/157/570 206/157/570 208/150/570
f 658/150/571 655/107/571 201/107/571 207/150/571
f 655/107/572 658/150/572 208/150/572 202/107/572
f 659/115/573 660/66/573 211/66/573 209/115/573
f 660/66/574 659/115/574 210/115/574 212/66/574
f 660/66/575 661/165/575 213/165/575 211/66/575
f 661/165/576 660/66/576 212/66/576 214/165/576
f 661/165/577 662/158/577 215/158/577 213/165/577
f 662/158/578 661/165/578 214/165/578 216/158/578
f 662/158/579 659/115/579 209/115/579 215/158/579
f 659/115/580 662/158/580 216/158/580 210/115/580
f 663/65/581 664/74/581 219/74/581 217/65/581
f 664/74/582 663/65/582 218/65/582 220/74/582
f 664/74/583 665/173/583 221/173/583 219/74/583
f 665/173/584 664/74/584 220/74/584 222/173/584
f 665/173/585 666/166/585 223/166/585 221/173/585
f 666/166/586 665/173/586 222/173/586 224/166/586
f 666/166/587 663/65/587 217/65/587 223/166/587
f 663/65/588 666/166/588 224/166/588 218/65/588
f 667/73/589 668/82/589 227/82/589 225/73/589
f 668/82/590 667/73/590 226/73/590 228/82/590
f 668/82/591 669/181/591 229/181/591 227/82/591
f 669/181/592 668/82/592 228/82/592 230/181/592
f 669/181/593 670/174/593 231/174/593 229/181/593
f 670/174/594 669/181/594 230/181/594 232/174/594
f 670/174/595 667/73/595 225/73/595 231/174/595
f 667/73/596 670/174/596 232/174/596 226/73/596
f 671/193/597 672/194/597 235/194/597 233/193/597
f 672/194/598 671/193/598 234/193/598 236/194/598
f 672/194/599 673/194/599 237/194/599 235/194/599
f 673/194/600 672/194/600 236/194/600 238/194/600
f 673/194/601 674/195/601 239/195/601 237/194/601
f 674/195/602 673/194/602 238/194/602 240/195/602
f 674/195/603 671/193/603 233/193/603 239/195/603
f 671/193/604 674/195/604 240/195/604 234/193/604
f 675/196/605 676/196/605 243/196/605 241/196/605
f 676/196/606 675/196/606 242/196/606 244/196/606
f 676/196/607 677/192/607 245/192/607 243/196/607
f 677/192/608 676/196/608 244/196/608 246/192/608
f 677/192/609 675/196/609 241/196/609 245/192/609
f 675/196/610 677/192/610 246/192/610 242/196/610
f 678/196/611 679/197/611 249/197/611 247/196/611
f 679/197/612 678/196/612 248/196/612 250/197/612
f 679/197/613 680/198/613 251/198/613 249/197/613
f 680/198/614 679/197/614 250/197/614 252/198/614
f 680/198/615 681/196/615 253/196/615 251/198/615
f 681/196/616 680/198/616 252/198/616 254/196/616
f 681/196/617 678/196/617 247/196/617 253/196/617
f 678/196/618 681/196/618 254/196/618 248/196/618
f 682/191/619 683/199/619 257/199/619 255/191/619
f 683/199/620 682/191/620 256/191/620 258/199/620
f 683/199/621 684/200/621 259/200/621 257/199/621
f 684/200/622 683/199/622 258/199/622 260/200/622
f 684/200/623 685/191/623 261/191/623 259/200/623
f 685/191/624 684/200/624 260/200/624 262/191/624
f 685/191/625 682/191/625 255/191/625 261/191/625
f 682/191/626 685/191/626 262/191/626 256/191/626
f 686/201/627 687/202/627 265/202/627 263/201/627
f 687/202/628 686/201/628 264/201/628 266/202/628
f 687/202/629 688/203/629 267/203/629 265/202/629
f 688/203/630 687/202/630 266/202/630 268/203/630
f 688/203/631 689/201/631 269/201/631 267/203/631
f 689/201/632 688/203/632 268/203/632 270/201/632
f 689/201/633 686/201/633 263/201/633 269/201/633
f 686/201/634 689/201/634 270/201/634 264/201/634
f 690/204/635 691/205/635 273/205/635 271/204/635
f 691/205/636 690/204/636 272/204/636 274/205/636
f 691/205/637 692/206/637 275/206/637 273/205/637
f 692/206/638 691/205/638 274/205/638 276/206/638
f 692/206/639 693/204/639 277/204/639 275/206/639
f 693/204/640 692/206/640 276/206/640 278/204/640
f 693/204/641 690/204/641 271/204/641 277/204/641
f 690/204/642 693/204/642 278/204/642 272/204/642
f 694/207/643 695/208/643 281/208/643 279/207/643
f 695/208/644 694/207/644 280/207/644 282/208/644
f 695/208/645 696/209/645 283/209/645 281/208/645
f 696/209/646 695/208/646 282/208/646 284/209/646
f 696/209/647 697/210/647 285/210/647 283/209/647
f 697/210/648 696/209/648 284/209/648 286/210/648
f 697/210/649 694/207/649 279/207/649 285/210/649
f 694/207/650 697/210/650 286/210/650 280/207/650
f 698/211/651 699/212/651 289/212/651 287/211/651
f 699/212/652 698/211/652 288/211/652 290/212/652
f 699/212/653 700/213/653 291/213/653 289/212/653
f 700/213/654 699/212/654 290/212/654 292/213/654
f 700/213/655 701/214/655 293/214/655 291/213/655
f 701/214/656 700/213/656 292/213/656 294/214/656
f 701/214/657 698/211/657 287/211/657 293/214/657
f 698/211/658 701/214/658 294/214/658 288/211/658
f 702/215/659 703/216/659 297/216/659 295/215/659
f 703/216/660 702/215/660 296/215/660 298/216/660
f 703/216/661 704/217/661 299/217/661 297/216/661
f 704/217/662 703/216/662 298/216/662 300/217/662
f 704/217/663 705/218/663 301/218/663 299/217/663
f 705/218/664 704/217/664 300/217/664 302/218/664
f 705/218/665 702/215/665 295/215/665 301/218/665
f 702/215/666 705/218/666 302/218/666 296/215/666
f 706/219/667 707/220/667 305/220/667 303/219/667
f 707/220/668 706/219/668 304/219/668 306/220/668
f 707/220/669 708/221/669 307/221/669 305/220/669
f 708/221/670 707/220/670 306/220/670 308/221/670
f 708/221/671 709/222/671 309/222/671 307/221/671
f 709/222/672 708/221/672 308/221/672 310/222/672
f 709/222/673 706/219/673 303/219/673 309/222/673
f 706/219/674 709/222/674 310/222/674 304/219/674
f 710/216/675 711/223/675 313/223/675 311/216/675
f 711/223/676 710/216/676 312/216/676 314/223/676
f 711/223/677 712/224/677 315/224/677 313/223/677
f 712/224/678 711/223/678 314/223/678 316/224/678
f 712/224/679 713/225/679 317/225/679 315/224/679
f 713/225/680 712/224/680 316/224/680 318/225/680
f 713/225/681 710/216/681 311/216/681 317/225/681
f 710/216/682 713/225/682 318/225/682 312/216/682
f 714/220/683 715/226/683 321/226/683 319/220/683
f 715/226/684 714/220/684 320/220/684 322/226/684
f 715/226/685 716/227/685 323/227/685 321/226/685
f 716/227/686 715/226/686 322/226/686 324/227/686
f 716/227/687 717/228/687 325/228/687 323/227/687
f 717/228/688 716/227/688 324/227/688 326/228/688
f 717/228/689 714/220/689 319/220/689 325/228/689
f 714/220/690 717/228/690 326/228/690 320/220/690
f 718/229/691 719/230/691 329/230/691 327/229/691
f 719/230/692 718/229/692 328/229/692 330/230/692
f 719/230/693 720/231/693 331/231/693 329/230/693
f 720/231/694 719/230/694 330/230/694 332/231/694
f 720/231/695 721/232/695 333/232/695 331/231/695
f 721/232/696 720/231/696 332/231/696 334/232/696
f 721/232/697 718/229/697 327/229/697 333/232/697
f 718/229/698 721/232/698 334/232/698 328/229/698
f 722/233/699 723/234/699 337/234/699 335/233/699
f 723/234/700 722/233/700 336/233/700 338/234/700
f 723/234/701 724/234/701 339/234/701 337/234/701
f 724/234/702 723/234/702 338/234/702 340/234/702
f 724/234/703 725/235/703 341/235/703 339/234/703
f 725/235/704 724/234/704 340/234/704 342/235/704
f 725/235/705 722/233/705 335/233/705 341/235/705
f 722/233/706 725/235/706 342/235/706 336/233/706
f 726/236/707 727/237/707 345/237/707 343/236/707
f 727/237/708 726/236/708 344/236/708 346/237/708
f 727/237/709 728/237/709 347/237/709 345/237/709
f 728/237/710 727/237/710 346/237/710 348/237/710
f 728/237/711 729/238/711 349/238/711 347/237/711
f 729/238/712 728/237/712 348/237/712 350/238/712
f 729/238/713 726/236/713 343/236/713 349/238/713
f 726/236/714 729/238/714 350/238/714 344/236/714
f 730/239/715 731/188/715 353/188/715 351/239/715
f 731/188/716 730/239/716 352/239/716 354/188/716
f 731/188/717 732/188/717 355/188/717 353/188/717
f 732/188/718 731/188/718 354/188/718 356/188/718
f 732/188/719 733/240/719 357/240/719 355/188/719
f 733/240/720 732/188/720 356/188/720 358/240/720
f 733/240/721 730/239/721 351/239/721 357/240/721
f 730/239/722 733/240/722 358/240/722 352/239/722
f 734/241/723 735/242/723 361/242/723 359/241/723
f 735/242/724 734/241/724 360/241/724 362/242/724
f 735/242/725 736/242/725 363/242/725 361/242/725
f 736/242/726 735/242/726 362/242/726 364/242/726
f 736/242/727 737/243/727 365/243/727 363/242/727
f 737/243/728 736/242/728 364/242/728 366/243/728
f 737/243/729 734/241/729 359/241/729 365/243/729
f 734/241/730 737/243/730 366/243/730 360/241/730
f 738/242/731 739/242/731 369/242/731 367/242/731
f 739/242/732 738/242/732 368/242/732 370/242/732
f 739/242/733 740/189/733 371/189/733 369/242/733
f 740/189/734 739/242/734 370/242/734 372/189/734
f 740/189/735 738/242/735 367/242/735 371/189/735
f 738/242/736 740/189/736 372/189/736 368/242/736
f 741/136/737 742/135/737 11/135/737 7/136/737
f 742/135/738 741/136/738 8/136/738 12/135/738
f 742/135/739 743/186/739 9/186/739 11/135/739
f 743/186/740 742/135/740 12/135/740 10/186/740
f 743/186/741 744/244/741 1/244/741 9/186/741
f 744/244/742 743/186/742 10/186/742 2/244/742
f 744/244/743 741/136/743 7/136/743 1/244/743
f 741/136/744 744/244/744 2/244/744 8/136/744
f 745/144/745 746/143/745 19/143/745 13/144/745
f 746/143/746 745/144/746 14/144/746 20/143/746
f 746/143/747 747/126/747 17/126/747 19/143/747
f 747/126/748 746/143/748 20/143/748 18/126/748
f 747/126/749 748/125/749 15/125/749 17/126/749
f 748/125/750 747/126/750 18/126/750 16/125/750
f 748/125/751 745/144/751 13/144/751 15/125/751
f 745/144/752 748/125/752 16/125/752 14/144/752
f 749/152/753 750/151/753 27/151/753 21/152/753
f 750/151/754 749/152/754 22/152/754 28/151/754
f 750/151/755 751/44/755 25/44/755 27/151/755
f 751/44/756 750/151/756 28/151/756 26/44/756
f 751/44/757 752/43/757 23/43/757 25/44/757
f 752/43/758 751/44/758 26/44/758 24/43/758
f 752/43/759 749/152/759 21/152/759 23/43/759
f 749/152/760 752/43/760 24/43/760 22/152/760
f 753/160/761 754/159/761 35/159/761 29/160/761
f 754/159/762 753/160/762 30/160/762 36/159/762
f 754/159/763 755/52/763 33/52/763 35/159/763
f 755/52/764 754/159/764 36/159/764 34/52/764
f 755/52/765 756/51/765 31/51/765 33/52/765
f 756/51/766 755/52/766 34/52/766 32/51/766
f 756/51/767 753/160/767 29/160/767 31/51/767
f 753/160/768 756/51/768 32/51/768 30/160/768
f 757/168/769 758/167/769 43/167/769 37/168/769
f 758/167/770 757/168/770 38/168/770 44/167/770
f 758/167/771 759/60/771 41/60/771 43/167/771
f 759/60/772 758/167/772 44/167/772 42/60/772
f 759/60/773 760/59/773 39/59/773 41/60/773
f 760/59/774 759/60/774 42/60/774 40/59/774
f 760/59/775 757/168/775 37/168/775 39/59/775
f 757/168/776 760/59/776 40/59/776 38/168/776
f 761/176/777 762/175/777 51/175/777 45/176/777
f 762/175/778 761/176/778 46/176/778 52/175/778
f 762/175/779 763/8/779 49/8/779 51/175/779
f 763/8/780 762/175/780 52/175/780 50/8/780
f 763/8/781 764/7/781 47/7/781 49/8/781
f 764/7/782 763/8/782 50/8/782 48/7/782
f 764/7/783 761/176/783 45/176/783 47/7/783
f 761/176/784 764/7/784 48/7/784 46/176/784
f 765/120/785 766/119/785 59/119/785 53/120/785
f 766/119/786 765/120/786 54/120/786 60/119/786
f 766/119/787 767/16/787 57/16/787 59/119/787
f 767/16/788 766/119/788 60/119/788 58/16/788
f 767/16/789 768/15/789 55/15/789 57/16/789
f 768/15/790 767/16/790 58/16/790 56/15/790
f 768/15/791 765/120/791 53/120/791 55/15/791
f 765/120/792 768/15/792 56/15/792 54/120/792
f 769/132/793 770/131/793 67/131/793 61/132/793
f 770/131/794 769/132/794 62/132/794 68/131/794
f 770/131/795 771/23/795 65/23/795 67/131/795
f 771/23/796 770/131/796 68/131/796 66/23/796
f 771/23/797 772/22/797 63/22/797 65/23/797
f 772/22/798 771/23/798 66/23/798 64/22/798
f 772/22/799 769/132/799 61/132/799 63/22/799
f 769/132/800 772/22/800 64/22/800 62/132/800
f 773/140/801 774/139/801 75/139/801 69/140/801
f 774/139/802 773/140/802 70/140/802 76/139/802
f 774/139/803 775/33/803 73/33/803 75/139/803
f 775/33/804 774/139/804 76/139/804 74/33/804
f 775/33/805 776/32/805 71/32/805 73/33/805
f 776/32/806 775/33/806 74/33/806 72/32/806
f 776/32/807 773/140/807 69/140/807 71/32/807
f 773/140/808 776/32/808 72/32/808 70/140/808
f 777/148/809 778/147/809 83/147/809 77/148/809
f 778/147/810 777/148/810 78/148/810 84/147/810
f 778/147/811 779/40/811 81/40/811 83/147/811
f 779/40/812 778/147/812 84/147/812 82/40/812
f 779/40/813 780/39/813 79/39/813 81/40/813
f 780/39/814 779/40/814 82/40/814 80/39/814
f 780/39/815 777/148/815 77/148/815 79/39/815
f 777/148/816 780/39/816 80/39/816 78/148/816
f 781/156/817 782/155/817 91/155/817 85/156/817
f 782/155/818 781/156/818 86/156/818 92/155/818
f 782/155/819 783/48/819 89/48/819 91/155/819
f 783/48/820 782/155/820 92/155/820 90/48/820
f 783/48/821 784/47/821 87/47/821 89/48/821
f 784/47/822 783/48/822 90/48/822 88/47/822
f 784/47/823 781/156/823 85/156/823 87/47/823
f 781/156/824 784/47/824 88/47/824 86/156/824
f 785/164/825 786/163/825 99/163/825 93/164/825
f 786/163/826 785/164/826 94/164/826 100/163/826
f 786/163/827 787/56/827 97/56/827 99/163/827
f 787/56/828 786/163/828 100/163/828 98/56/828
f 787/56/829 788/55/829 95/55/829 97/56/829
f 788/55/830 787/56/830 98/56/830 96/55/830
f 788/55/831 785/164/831 93/164/831 95/55/831
f 785/164/832 788/55/832 96/55/832 94/164/832
f 789/172/833 790/171/833 107/171/833 101/172/833
f 790/171/834 789/172/834 102/172/834 108/171/834
f 790/171/835 791/4/835 105/4/835 107/171/835
f 791/4/836 790/171/836 108/171/836 106/4/836
f 791/4/837 792/3/837 103/3/837 105/4/837
f 792/3/838 791/4/838 106/4/838 104/3/838
f 792/3/839 789/172/839 101/172/839 103/3/839
f 789/172/840 792/3/840 104/3/840 102/172/840
f 793/180/841 794/179/841 115/179/841 109/180/841
f 794/179/842 793/180/842 110/180/842 116/179/842
f 794/179/843 795/12/843 113/12/843 115/179/843
f 795/12/844 794/179/844 116/179/844 114/12/844
f 795/12/845 796/11/845 111/11/845 113/12/845
f 796/11/846 795/12/846 114/12/846 112/11/846
f 796/11/847 793/180/847 109/180/847 111/11/847
f 793/180/848 796/11/848 112/11/848 110/180/848
f 797/128/849 798/127/849 129/127/849 121/128/849
f 798/127/850 797/128/850 122/128/850 130/127/850
f 798/127/851 799/138/851 135/138/851 129/127/851
f 799/138/852 798/127/852 130/127/852 136/138/852
f 799/138/853 800/137/853 123/137/853 135/138/853
f 800/137/854 799/138/854 136/138/854 124/137/854
f 800/137/855 797/128/855 121/128/855 123/137/855
f 797/128/856 800/137/856 124/137/856 122/128/856
f 801/97/857 802/96/857 137/96/857 131/97/857
f 802/96/858 801/97/858 132/97/858 138/96/858
f 802/96/859 803/146/859 143/146/859 137/96/859
f 803/146/860 802/96/860 138/96/860 144/146/860
f 803/146/861 804/145/861 133/145/861 143/146/861
f 804/145/862 803/146/862 144/146/862 134/145/862
f 804/145/863 801/97/863 131/97/863 133/145/863
f 801/97/864 804/145/864 134/145/864 132/97/864
f 805/112/865 806/111/865 145/111/865 139/112/865
f 806/111/866 805/112/866 140/112/866 146/111/866
f 806/111/867 807/154/867 151/154/867 145/111/867
f 807/154/868 806/111/868 146/111/868 152/154/868
f 807/154/869 808/153/869 141/153/869 151/154/869
f 808/153/870 807/154/870 152/154/870 142/153/870
f 808/153/871 805/112/871 139/112/871 141/153/871
f 805/112/872 808/153/872 142/153/872 140/112/872
f 809/62/873 810/61/873 153/61/873 147/62/873
f 810/61/874 809/62/874 148/62/874 154/61/874
f 810/61/875 811/162/875 159/162/875 153/61/875
f 811/162/876 810/61/876 154/61/876 160/162/876
f 811/162/877 812/161/877 149/161/877 159/162/877
f 812/161/878 811/162/878 160/162/878 150/161/878
f 812/161/879 809/62/879 147/62/879 149/161/879
f 809/62/880 812/161/880 150/161/880 148/62/880
f 813/70/881 814/69/881 161/69/881 155/70/881
f 814/69/882 813/70/882 156/70/882 162/69/882
f 814/69/883 815/170/883 167/170/883 161/69/883
f 815/170/884 814/69/884 162/69/884 168/170/884
f 815/170/885 816/169/885 157/169/885 167/170/885
f 816/169/886 815/170/886 168/170/886 158/169/886
f 816/169/887 813/70/887 155/70/887 157/169/887
f 813/70/888 816/169/888 158/169/888 156/70/888
f 817/78/889 818/77/889 169/77/889 163/78/889
f 818/77/890 817/78/890 164/78/890 170/77/890
f 818/77/891 819/178/891 175/178/891 169/77/891
f 819/178/892 818/77/892 170/77/892 176/178/892
f 819/178/893 820/177/893 165/177/893 175/178/893
f 820/177/894 819/178/894 176/178/894 166/177/894
f 820/177/895 817/78/895 163/78/895 165/177/895
f 817/78/896 820/177/896 166/177/896 164/78/896
f 821/86/897 822/85/897 177/85/897 171/86/897
f 822/85/898 821/86/898 172/86/898 178/85/898
f 822/85/899 823/122/899 183/122/899 177/85/899
f 823/122/900 822/85/900 178/85/900 184/122/900
f 823/122/901 824/121/901 173/121/901 183/122/901
f 824/121/902 823/122/902 184/122/902 174/121/902
f 824/121/903 821/86/903 171/86/903 173/121/903
f 821/86/904 824/121/904 174/121/904 172/86/904
f 825/93/905 826/92/905 185/92/905 179/93/905
f 826/92/906 825/93/906 180/93/906 186/92/906
f 826/92/907 827/134/907 191/134/907 185/92/907
f 827/134/908 826/92/908 186/92/908 192/134/908
f 827/134/909 828/133/909 181/133/909 191/134/909
f 828/133/910 827/134/910 192/134/910 182/133/910
f 828/133/911 825/93/911 179/93/911 181/133/911
f 825/93/912 828/133/912 182/133/912 180/93/912
f 829/101/913 830/100/913 193/100/913 187/101/913
f 830/100/914 829/101/914 188/101/914 194/100/914
f 830/100/915 831/142/915 199/142/915 193/100/915
f 831/142/916 830/100/916 194/100/916 200/142/916
f 831/142/917 832/141/917 189/141/917 199/142/917
f 832/141/918 831/142/918 200/142/918 190/141/918
f 832/141/919 829/101/919 187/101/919 189/141/919
f 829/101/920 832/141/920 190/141/920 188/101/920
f 833/108/921 834/107/921 201/107/921 195/108/921
f 834/107/922 833/108/922 196/108/922 202/107/922
f 834/107/923 835/150/923 207/150/923 201/107/923
f 835/150/924 834/107/924 202/107/924 208/150/924
f 835/150/925 836/149/925 197/149/925 207/150/925
f 836/149/926 835/150/926 208/150/926 198/149/926
f 836/149/927 833/108/927 195/108/927 197/149/927
f 833/108/928 836/149/928 198/149/928 196/108/928
f 837/116/929 838/115/929 209/115/929 203/116/929
f 838/115/930 837/116/930 204/116/930 210/115/930
f 838/115/931 839/158/931 215/158/931 209/115/931
f 839/158/932 838/115/932 210/115/932 216/158/932
f 839/158/933 840/157/933 205/157/933 215/158/933
f 840/157/934 839/158/934 216/158/934 206/157/934
f 840/157/935 837/116/935 203/116/935 205/157/935
f 837/116/936 840/157/936 206/157/936 204/116/936
f 841/66/937 842/65/937 217/65/937 211/66/937
f 842/65/938 841/66/938 212/66/938 218/65/938
f 842/65/939 843/166/939 223/166/939 217/65/939
f 843/166/940 842/65/940 218/65/940 224/166/940
f 843/166/941 844/165/941 213/165/941 223/166/941
f 844/165/942 843/166/942 224/166/942 214/165/942
f 844/165/943 841/66/943 211/66/943 213/165/943
f 841/66/944 844/165/944 214/165/944 212/66/944
f 845/74/945 846/73/945 225/73/945 219/74/945
f 846/73/946 845/74/946 220/74/946 226/73/946
f 846/73/947 847/174/947 231/174/947 225/73/947
f 847/174/948 846/73/948 226/73/948 232/174/948
f 847/174/949 848/173/949 221/173/949 231/174/949
f 848/173/950 847/174/950 232/174/950 222/173/950
f 848/173/951 845/74/951 219/74/951 221/173/951
f 845/74/952 848/173/952 222/173/952 220/74/952
f 849/82/953 850/81/953 233/81/953 227/82/953
f 850/81/954 849/82/954 228/82/954 234/81/954
f 850/81/955 851/182/955 239/182/955 233/81/955
f 851/182/956 850/81/956 234/81/956 240/182/956
f 851/182/957 852/181/957 229/181/957 239/182/957
f 852/181/958 851/182/958 240/182/958 230/181/958
f 852/181/959 849/82/959 227/82/959 229/181/959
f 849/82/960 852/181/960 230/181/960 228/82/960
f 853/173/961 854/172/961 101/172/961 221/173/961
f 854/172/962 853/173/962 222/173/962 102/172/962
f 854/172/963 855/163/963 99/163/963 101/172/963
f 855/163/964 854/172/964 102/172/964 100/163/964
f 855/163/965 856/166/965 223/166/965 99/163/965
f 856/166/966 855/163/966 100/163/966 224/166/966
f 856/166/967 853/173/967 221/173/967 223/166/967
f 853/173/968 856/166/968 224/166/968 222/173/968
f 857/155/969 858/158/969 215/158/969 91/155/969
f 858/158/970 857/155/970 92/155/970 216/158/970
f 858/158/971 859/165/971 213/165/971 215/158/971
f 859/165/972 858/158/972 216/158/972 214/165/972
f 859/165/973 860/164/973 93/164/973 213/165/973
f 860/164/974 859/165/974 214/165/974 94/164/974
f 860/164/975 857/155/975 91/155/975 93/164/975
f 857/155/976 860/164/976 94/164/976 92/155/976
f 861/177/977 862/176/977 45/176/977 165/177/977
f 862/176/978 861/177/978 166/177/978 46/176/978
f 862/176/979 863/167/979 43/167/979 45/176/979
f 863/167/980 862/176/980 46/176/980 44/167/980
f 863/167/981 864/170/981 167/170/981 43/167/981
f 864/170/982 863/167/982 44/167/982 168/170/982
f 864/170/983 861/177/983 165/177/983 167/170/983
f 861/177/984 864/170/984 168/170/984 166/177/984
f 865/159/985 866/162/985 159/162/985 35/159/985
f 866/162/986 865/159/986 36/159/986 160/162/986
f 866/162/987 867/169/987 157/169/987 159/162/987
f 867/169/988 866/162/988 160/162/988 158/169/988
f 867/169/989 868/168/989 37/168/989 157/169/989
f 868/168/990 867/169/990 158/169/990 38/168/990
f 868/168/991 865/159/991 35/159/991 37/168/991
f 865/159/992 868/168/992 38/168/992 36/159/992
f 869/181/993 870/180/993 109/180/993 229/181/993
f 870/180/994 869/181/994 230/181/994 110/180/994
f 870/180/995 871/171/995 107/171/995 109/180/995
f 871/171/996 870/180/996 110/180/996 108/171/996
f 871/171/997 872/174/997 231/174/997 107/171/997
f 872/174/998 871/171/998 108/171/998 232/174/998
f 872/174/999 869/181/999 229/181/999 231/174/999
f 869/181/1000 872/174/1000 232/174/1000 230/181/1000
f 873/121/1001 874/120/1001 53/120/1001 173/121/1001
f 874/120/1002 873/121/1002 174/121/1002 54/120/1002
f 874/120/1003 875/175/1003 51/175/1003 53/120/1003
f 875/175/1004 874/120/1004 54/120/1004 52/175/1004
f 875/175/1005 876/178/1005 175/178/1005 51/175/1005
f 876/178/1006 875/175/1006 52/175/1006 176/178/1006
f 876/178/1007 873/121/1007 173/121/1007 175/178/1007
f 873/121/1008 876/178/1008 176/178/1008 174/121/1008
f 877/19/1009 878/18/1009 117/18/1009 237/19/1009
f 878/18/1010 877/19/1010 238/19/1010 118/18/1010
f 878/18/1011 879/179/1011 115/179/1011 117/18/1011
f 879/179/1012 878/18/1012 118/18/1012 116/179/1012
f 879/179/1013 880/182/1013 239/182/1013 115/179/1013
f 880/182/1014 879/179/1014 116/179/1014 240/182/1014
f 880/182/1015 877/19/1015 237/19/1015 239/182/1015
f 877/19/1016 880/182/1016 240/182/1016 238/19/1016
f 881/133/1017 882/132/1017 61/132/1017 181/133/1017
f 882/132/1018 881/133/1018 182/133/1018 62/132/1018
f 882/132/1019 883/119/1019 59/119/1019 61/132/1019
f 883/119/1020 882/132/1020 62/132/1020 60/119/1020
f 883/119/1021 884/122/1021 183/122/1021 59/119/1021
f 884/122/1022 883/119/1022 60/119/1022 184/122/1022
f 884/122/1023 881/133/1023 181/133/1023 183/122/1023
f 881/133/1024 884/122/1024 184/122/1024 182/133/1024
f 885/137/1025 886/136/1025 7/136/1025 123/137/1025
f 886/136/1026 885/137/1026 124/137/1026 8/136/1026
f 886/136/1027 887/34/1027 5/34/1027 7/136/1027
f 887/34/1028 886/136/1028 8/136/1028 6/34/1028
f 887/34/1029 888/36/1029 125/36/1029 5/34/1029
f 888/36/1030 887/34/1030 6/34/1030 126/36/1030
f 888/36/1031 885/137/1031 123/137/1031 125/36/1031
f 885/137/1032 888/36/1032 126/36/1032 124/137/1032
f 889/141/1033 890/140/1033 69/140/1033 189/141/1033
f 890/140/1034 889/141/1034 190/141/1034 70/140/1034
f 890/140/1035 891/131/1035 67/131/1035 69/140/1035
f 891/131/1036 890/140/1036 70/140/1036 68/131/1036
f 891/131/1037 892/134/1037 191/134/1037 67/131/1037
f 892/134/1038 891/131/1038 68/131/1038 192/134/1038
f 892/134/1039 889/141/1039 189/141/1039 191/134/1039
f 889/141/1040 892/134/1040 192/134/1040 190/141/1040
f 893/145/1041 894/144/1041 13/144/1041 133/145/1041
f 894/144/1042 893/145/1042 134/145/1042 14/144/1042
f 894/144/1043 895/135/1043 11/135/1043 13/144/1043
f 895/135/1044 894/144/1044 14/144/1044 12/135/1044
f 895/135/1045 896/138/1045 135/138/1045 11/135/1045
f 896/138/1046 895/135/1046 12/135/1046 136/138/1046
f 896/138/1047 893/145/1047 133/145/1047 135/138/1047
f 893/145/1048 896/138/1048 136/138/1048 134/145/1048
f 897/149/1049 898/148/1049 77/148/1049 197/149/1049
f 898/148/1050 897/149/1050 198/149/1050 78/148/1050
f 898/148/1051 899/139/1051 75/139/1051 77/148/1051
f 899/139/1052 898/148/1052 78/148/1052 76/139/1052
f 899/139/1053 900/142/1053 199/142/1053 75/139/1053
f 900/142/1054 899/139/1054 76/139/1054 200/142/1054
f 900/142/1055 897/149/1055 197/149/1055 199/142/1055
f 897/149/1056 900/142/1056 200/142/1056 198/149/1056
f 901/153/1057 902/152/1057 21/152/1057 141/153/1057
f 902/152/1058 901/153/1058 142/153/1058 22/152/1058
f 902/152/1059 903/143/1059 19/143/1059 21/152/1059
f 903/143/1060 902/152/1060 22/152/1060 20/143/1060
f 903/143/1061 904/146/1061 143/146/1061 19/143/1061
f 904/146/1062 903/143/1062 20/143/1062 144/146/1062
f 904/146/1063 901/153/1063 141/153/1063 143/146/1063
f 901/153/1064 904/146/1064 144/146/1064 142/153/1064
f 905/157/1065 906/156/1065 85/156/1065 205/157/1065
f 906/156/1066 905/157/1066 206/157/1066 86/156/1066
f 906/156/1067 907/147/1067 83/147/1067 85/156/1067
f 907/147/1068 906/156/1068 86/156/1068 84/147/1068
f 907/147/1069 908/150/1069 207/150/1069 83/147/1069
f 908/150/1070 907/147/1070 84/147/1070 208/150/1070
f 908/150/1071 905/157/1071 205/157/1071 207/150/1071
f 905/157/1072 908/150/1072 208/150/1072 206/157/1072
f 909/161/1073 910/160/1073 29/160/1073 149/161/1073
f 910/160/1074 909/161/1074 150/161/1074 30/160/1074
f 910/160/1075 911/151/1075 27/151/1075 29/160/1075
f 911/151/1076 910/160/1076 30/160/1076 28/151/1076
f 911/151/1077 912/154/1077 151/154/1077 27/151/1077
f 912/154/1078 911/151/1078 28/151/1078 152/154/1078
f 912/154/1079 909/161/1079 149/161/1079 151/154/1079
f 909/161/1080 912/154/1080 152/154/1080 150/161/1080
f 913/25/1081 914/24/1081 247/24/1081 245/25/1081
f 914/24/1082 913/25/1082 246/25/1082 248/24/1082
f 914/24/1083 915/245/1083 253/245/1083 247/24/1083
f 915/245/1084 914/24/1084 248/24/1084 254/245/1084
f 915/245/1085 916/184/1085 241/184/1085 253/245/1085
f 916/184/1086 915/245/1086 254/245/1086 242/184/1086
f 916/184/1087 913/25/1087 245/25/1087 241/184/1087
f 913/25/1088 916/184/1088 242/184/1088 246/25/1088
f 917/197/1089 918/192/1089 255/192/1089 249/197/1089
f 918/192/1090 917/197/1090 250/197/1090 256/192/1090
f 918/192/1091 919/130/1091 261/130/1091 255/192/1091
f 919/130/1092 918/192/1092 256/192/1092 262/130/1092
f 919/130/1093 920/129/1093 251/129/1093 261/130/1093
f 920/129/1094 919/130/1094 262/130/1094 252/129/1094
f 920/129/1095 917/197/1095 249/197/1095 251/129/1095
f 917/197/1096 920/129/1096 252/129/1096 250/197/1096
f 921/199/1097 922/197/1097 263/197/1097 257/199/1097
f 922/197/1098 921/199/1098 258/199/1098 264/197/1098
f 922/197/1099 923/99/1099 269/99/1099 263/197/1099
f 923/99/1100 922/197/1100 264/197/1100 270/99/1100
f 923/99/1101 924/98/1101 259/98/1101 269/99/1101
f 924/98/1102 923/99/1102 270/99/1102 260/98/1102
f 924/98/1103 921/199/1103 257/199/1103 259/98/1103
f 921/199/1104 924/98/1104 260/98/1104 258/199/1104
f 925/202/1105 926/199/1105 271/199/1105 265/202/1105
f 926/199/1106 925/202/1106 266/202/1106 272/199/1106
f 926/199/1107 927/114/1107 277/114/1107 271/199/1107
f 927/114/1108 926/199/1108 272/199/1108 278/114/1108
f 927/114/1109 928/113/1109 267/113/1109 277/114/1109
f 928/113/1110 927/114/1110 278/114/1110 268/113/1110
f 928/113/1111 925/202/1111 265/202/1111 267/113/1111
f 925/202/1112 928/113/1112 268/113/1112 266/202/1112
f 929/50/1113 930/49/1113 279/49/1113 273/50/1113
f 930/49/1114 929/50/1114 274/50/1114 280/49/1114
f 930/49/1115 931/246/1115 285/246/1115 279/49/1115
f 931/246/1116 930/49/1116 280/49/1116 286/246/1116
f 931/246/1117 932/206/1117 275/206/1117 285/246/1117
f 932/206/1118 931/246/1118 286/246/1118 276/206/1118
f 932/206/1119 929/50/1119 273/50/1119 275/206/1119
f 929/50/1120 932/206/1120 276/206/1120 274/50/1120
f 933/208/1121 934/247/1121 287/247/1121 281/208/1121
f 934/247/1122 933/208/1122 282/208/1122 288/247/1122
f 934/247/1123 935/72/1123 293/72/1123 287/247/1123
f 935/72/1124 934/247/1124 288/247/1124 294/72/1124
f 935/72/1125 936/71/1125 283/71/1125 293/72/1125
f 936/71/1126 935/72/1126 294/72/1126 284/71/1126
f 936/71/1127 933/208/1127 281/208/1127 283/71/1127
f 933/208/1128 936/71/1128 284/71/1128 282/208/1128
f 937/212/1129 938/208/1129 295/208/1129 289/212/1129
f 938/208/1130 937/212/1130 290/212/1130 296/208/1130
f 938/208/1131 939/80/1131 301/80/1131 295/208/1131
f 939/80/1132 938/208/1132 296/208/1132 302/80/1132
f 939/80/1133 940/79/1133 291/79/1133 301/80/1133
f 940/79/1134 939/80/1134 302/80/1134 292/79/1134
f 940/79/1135 937/212/1135 289/212/1135 291/79/1135
f 937/212/1136 940/79/1136 292/79/1136 290/212/1136
f 941/216/1137 942/212/1137 303/212/1137 297/216/1137
f 942/212/1138 941/216/1138 298/216/1138 304/212/1138
f 942/212/1139 943/88/1139 309/88/1139 303/212/1139
f 943/88/1140 942/212/1140 304/212/1140 310/88/1140
f 943/88/1141 944/87/1141 299/87/1141 309/88/1141
f 944/87/1142 943/88/1142 310/88/1142 300/87/1142
f 944/87/1143 941/216/1143 297/216/1143 299/87/1143
f 941/216/1144 944/87/1144 300/87/1144 298/216/1144
f 945/220/1145 946/216/1145 311/216/1145 305/220/1145
f 946/216/1146 945/220/1146 306/220/1146 312/216/1146
f 946/216/1147 947/95/1147 317/95/1147 311/216/1147
f 947/95/1148 946/216/1148 312/216/1148 318/95/1148
f 947/95/1149 948/94/1149 307/94/1149 317/95/1149
f 948/94/1150 947/95/1150 318/95/1150 308/94/1150
f 948/94/1151 945/220/1151 305/220/1151 307/94/1151
f 945/220/1152 948/94/1152 308/94/1152 306/220/1152
f 949/229/1153 950/220/1153 319/220/1153 313/229/1153
f 950/220/1154 949/229/1154 314/229/1154 320/220/1154
f 950/220/1155 951/103/1155 325/103/1155 319/220/1155
f 951/103/1156 950/220/1156 320/220/1156 326/103/1156
f 951/103/1157 952/102/1157 315/102/1157 325/103/1157
f 952/102/1158 951/103/1158 326/103/1158 316/102/1158
f 952/102/1159 949/229/1159 313/229/1159 315/102/1159
f 949/229/1160 952/102/1160 316/102/1160 314/229/1160
f 953/248/1161 954/229/1161 327/229/1161 321/248/1161
f 954/229/1162 953/248/1162 322/248/1162 328/229/1162
f 954/229/1163 955/110/1163 333/110/1163 327/229/1163
f 955/110/1164 954/229/1164 328/229/1164 334/110/1164
f 955/110/1165 956/109/1165 323/109/1165 333/110/1165
f 956/109/1166 955/110/1166 334/110/1166 324/109/1166
f 956/109/1167 953/248/1167 321/248/1167 323/109/1167
f 953/248/1168 956/109/1168 324/109/1168 322/248/1168
f 957/46/1169 958/45/1169 335/45/1169 329/46/1169
f 958/45/1170 957/46/1170 330/46/1170 336/45/1170
f 958/45/1171 959/235/1171 341/235/1171 335/45/1171
f 959/235/1172 958/45/1172 336/45/1172 342/235/1172
f 959/235/1173 960/238/1173 331/238/1173 341/235/1173
f 960/238/1174 959/235/1174 342/235/1174 332/238/1174
f 960/238/1175 957/46/1175 329/46/1175 331/238/1175
f 957/46/1176 960/238/1176 332/238/1176 330/46/1176
f 961/54/1177 962/53/1177 343/53/1177 337/54/1177
f 962/53/1178 961/54/1178 338/54/1178 344/53/1178
f 962/53/1179 963/238/1179 349/238/1179 343/53/1179
f 963/238/1180 962/53/1180 344/53/1180 350/238/1180
f 963/238/1181 964/240/1181 339/240/1181 349/238/1181
f 964/240/1182 963/238/1182 350/238/1182 340/240/1182
f 964/240/1183 961/54/1183 337/54/1183 339/240/1183
f 961/54/1184 964/240/1184 340/240/1184 338/54/1184
f 965/2/1185 966/1/1185 351/1/1185 345/2/1185
f 966/1/1186 965/2/1186 346/2/1186 352/1/1186
f 966/1/1187 967/240/1187 357/240/1187 351/1/1187
f 967/240/1188 966/1/1188 352/1/1188 358/240/1188
f 967/240/1189 968/243/1189 347/243/1189 357/240/1189
f 968/243/1190 967/240/1190 358/240/1190 348/243/1190
f 968/243/1191 965/2/1191 345/2/1191 347/243/1191
f 965/2/1192 968/243/1192 348/243/1192 346/2/1192
f 969/10/1193 970/9/1193 359/9/1193 353/10/1193
f 970/9/1194 969/10/1194 354/10/1194 360/9/1194
f 970/9/1195 971/243/1195 365/243/1195 359/9/1195
f 971/243/1196 970/9/1196 360/9/1196 366/243/1196
f 971/243/1197 972/189/1197 355/189/1197 365/243/1197
f 972/189/1198 971/243/1198 366/243/1198 356/189/1198
f 972/189/1199 969/10/1199 353/10/1199 355/189/1199
f 969/10/1200 972/189/1200 356/189/1200 354/10/1200
f 973/63/1201 974/62/1201 147/62/1201 275/63/1201
f 974/62/1202 973/63/1202 276/63/1202 148/62/1202
f 974/62/1203 975/111/1203 145/111/1203 147/62/1203
f 975/111/1204 974/62/1204 148/62/1204 146/111/1204
f 975/111/1205 976/114/1205 277/114/1205 145/111/1205
f 976/114/1206 975/111/1206 146/111/1206 278/114/1206
f 976/114/1207 973/63/1207 275/63/1207 277/114/1207
f 973/63/1208 976/114/1208 278/114/1208 276/63/1208
f 977/96/1209 978/99/1209 269/99/1209 137/96/1209
f 978/99/1210 977/96/1210 138/96/1210 270/99/1210
f 978/99/1211 979/113/1211 267/113/1211 269/99/1211
f 979/113/1212 978/99/1212 270/99/1212 268/113/1212
f 979/113/1213 980/112/1213 139/112/1213 267/113/1213
f 980/112/1214 979/113/1214 268/113/1214 140/112/1214
f 980/112/1215 977/96/1215 137/96/1215 139/112/1215
f 977/96/1216 980/112/1216 140/112/1216 138/96/1216
f 981/67/1217 982/66/1217 211/66/1217 339/67/1217
f 982/66/1218 981/67/1218 340/67/1218 212/66/1218
f 982/66/1219 983/115/1219 209/115/1219 211/66/1219
f 983/115/1220 982/66/1220 212/66/1220 210/115/1220
f 983/115/1221 984/118/1221 341/118/1221 209/115/1221
f 984/118/1222 983/115/1222 210/115/1222 342/118/1222
f 984/118/1223 981/67/1223 339/67/1223 341/118/1223
f 981/67/1224 984/118/1224 342/118/1224 340/67/1224
f 985/107/1225 986/110/1225 333/110/1225 201/107/1225
f 986/110/1226 985/107/1226 202/107/1226 334/110/1226
f 986/110/1227 987/117/1227 331/117/1227 333/110/1227
f 987/117/1228 986/110/1228 334/110/1228 332/117/1228
f 987/117/1229 988/116/1229 203/116/1229 331/117/1229
f 988/116/1230 987/117/1230 332/117/1230 204/116/1230
f 988/116/1231 985/107/1231 201/107/1231 203/116/1231
f 985/107/1232 988/116/1232 204/116/1232 202/107/1232
f 989/71/1233 990/70/1233 155/70/1233 283/71/1233
f 990/70/1234 989/71/1234 284/71/1234 156/70/1234
f 990/70/1235 991/61/1235 153/61/1235 155/70/1235
f 991/61/1236 990/70/1236 156/70/1236 154/61/1236
f 991/61/1237 992/64/1237 285/64/1237 153/61/1237
f 992/64/1238 991/61/1238 154/61/1238 286/64/1238
f 992/64/1239 989/71/1239 283/71/1239 285/64/1239
f 989/71/1240 992/64/1240 286/64/1240 284/71/1240
f 993/75/1241 994/74/1241 219/74/1241 347/75/1241
f 994/74/1242 993/75/1242 348/75/1242 220/74/1242
f 994/74/1243 995/65/1243 217/65/1243 219/74/1243
f 995/65/1244 994/74/1244 220/74/1244 218/65/1244
f 995/65/1245 996/68/1245 349/68/1245 217/65/1245
f 996/68/1246 995/65/1246 218/65/1246 350/68/1246
f 996/68/1247 993/75/1247 347/75/1247 349/68/1247
f 993/75/1248 996/68/1248 350/68/1248 348/75/1248
f 997/79/1249 998/78/1249 163/78/1249 291/79/1249
f 998/78/1250 997/79/1250 292/79/1250 164/78/1250
f 998/78/1251 999/69/1251 161/69/1251 163/78/1251
f 999/69/1252 998/78/1252 164/78/1252 162/69/1252
f 999/69/1253 1000/72/1253 293/72/1253 161/69/1253
f 1000/72/1254 999/69/1254 162/69/1254 294/72/1254
f 1000/72/1255 997/79/1255 291/79/1255 293/72/1255
f 997/79/1256 1000/72/1256 294/72/1256 292/79/1256
f 1001/83/1257 1002/82/1257 227/82/1257 355/83/1257
f 1002/82/1258 1001/83/1258 356/83/1258 228/82/1258
f 1002/82/1259 1003/73/1259 225/73/1259 227/82/1259
f 1003/73/1260 1002/82/1260 228/82/1260 226/73/1260
f 1003/73/1261 1004/76/1261 357/76/1261 225/73/1261
f 1004/76/1262 1003/73/1262 226/73/1262 358/76/1262
f 1004/76/1263 1001/83/1263 355/83/1263 357/76/1263
f 1001/83/1264 1004/76/1264 358/76/1264 356/83/1264
f 1005/87/1265 1006/86/1265 171/86/1265 299/87/1265
f 1006/86/1266 1005/87/1266 300/87/1266 172/86/1266
f 1006/86/1267 1007/77/1267 169/77/1267 171/86/1267
f 1007/77/1268 1006/86/1268 172/86/1268 170/77/1268
f 1007/77/1269 1008/80/1269 301/80/1269 169/77/1269
f 1008/80/1270 1007/77/1270 170/77/1270 302/80/1270
f 1008/80/1271 1005/87/1271 299/87/1271 301/80/1271
f 1005/87/1272 1008/80/1272 302/80/1272 300/87/1272
f 1009/91/1273 1010/90/1273 235/90/1273 363/91/1273
f 1010/90/1274 1009/91/1274 364/91/1274 236/90/1274
f 1010/90/1275 1011/81/1275 233/81/1275 235/90/1275
f 1011/81/1276 1010/90/1276 236/90/1276 234/81/1276
f 1011/81/1277 1012/84/1277 365/84/1277 233/81/1277
f 1012/84/1278 1011/81/1278 234/81/1278 366/84/1278
f 1012/84/1279 1009/91/1279 363/91/1279 365/84/1279
f 1009/91/1280 1012/84/1280 366/84/1280 364/91/1280
f 1013/94/1281 1014/93/1281 179/93/1281 307/94/1281
f 1014/93/1282 1013/94/1282 308/94/1282 180/93/1282
f 1014/93/1283 1015/85/1283 177/85/1283 179/93/1283
f 1015/85/1284 1014/93/1284 180/93/1284 178/85/1284
f 1015/85/1285 1016/88/1285 309/88/1285 177/85/1285
f 1016/88/1286 1015/85/1286 178/85/1286 310/88/1286
f 1016/88/1287 1013/94/1287 307/94/1287 309/88/1287
f 1013/94/1288 1016/88/1288 310/88/1288 308/94/1288
f 1017/129/1289 1018/128/1289 121/128/1289 251/129/1289
f 1018/128/1290 1017/129/1290 252/129/1290 122/128/1290
f 1018/128/1291 1019/104/1291 127/104/1291 121/128/1291
f 1019/104/1292 1018/128/1292 122/128/1292 128/104/1292
f 1019/104/1293 1020/106/1293 253/106/1293 127/104/1293
f 1020/106/1294 1019/104/1294 128/104/1294 254/106/1294
f 1020/106/1295 1017/129/1295 251/129/1295 253/106/1295
f 1017/129/1296 1020/106/1296 254/106/1296 252/129/1296
f 1021/102/1297 1022/101/1297 187/101/1297 315/102/1297
f 1022/101/1298 1021/102/1298 316/102/1298 188/101/1298
f 1022/101/1299 1023/92/1299 185/92/1299 187/101/1299
f 1023/92/1300 1022/101/1300 188/101/1300 186/92/1300
f 1023/92/1301 1024/95/1301 317/95/1301 185/92/1301
f 1024/95/1302 1023/92/1302 186/92/1302 318/95/1302
f 1024/95/1303 1021/102/1303 315/102/1303 317/95/1303
f 1021/102/1304 1024/95/1304 318/95/1304 316/102/1304
f 1025/98/1305 1026/97/1305 131/97/1305 259/98/1305
f 1026/97/1306 1025/98/1306 260/98/1306 132/97/1306
f 1026/97/1307 1027/127/1307 129/127/1307 131/97/1307
f 1027/127/1308 1026/97/1308 132/97/1308 130/127/1308
f 1027/127/1309 1028/130/1309 261/130/1309 129/127/1309
f 1028/130/1310 1027/127/1310 130/127/1310 262/130/1310
f 1028/130/1311 1025/98/1311 259/98/1311 261/130/1311
f 1025/98/1312 1028/130/1312 262/130/1312 260/98/1312
f 1029/109/1313 1030/108/1313 195/108/1313 323/109/1313
f 1030/108/1314 1029/109/1314 324/109/1314 196/108/1314
f 1030/108/1315 1031/100/1315 193/100/1315 195/108/1315
f 1031/100/1316 1030/108/1316 196/108/1316 194/100/1316
f 1031/100/1317 1032/103/1317 325/103/1317 193/100/1317
f 1032/103/1318 1031/100/1318 194/100/1318 326/103/1318
f 1032/103/1319 1029/109/1319 323/109/1319 325/103/1319
f 1029/109/1320 1032/103/1320 326/103/1320 324/109/1320
f 1033/249/1321 1034/245/1321 5/245/1321 243/249/1321
f 1034/245/1322 1033/249/1322 244/249/1322 6/245/1322
f 1034/245/1323 1035/26/1323 3/26/1323 5/245/1323
f 1035/26/1324 1034/245/1324 6/245/1324 4/26/1324
f 1035/26/1325 1036/25/1325 245/25/1325 3/26/1325
f 1036/25/1326 1035/26/1326 4/26/1326 246/25/1326
f 1036/25/1327 1033/249/1327 243/249/1327 245/25/1327
f 1033/249/1328 1036/25/1328 246/25/1328 244/249/1328
f 1037/250/1329 1038/242/1329 369/242/1329 117/250/1329
f 1038/242/1330 1037/250/1330 118/250/1330 370/242/1330
f 1038/242/1331 1039/27/1331 367/27/1331 369/242/1331
f 1039/27/1332 1038/242/1332 370/242/1332 368/27/1332
f 1039/27/1333 1040/29/1333 119/29/1333 367/27/1333
f 1040/29/1334 1039/27/1334 368/27/1334 120/29/1334
f 1040/29/1335 1037/250/1335 117/250/1335 119/29/1335
f 1037/250/1336 1040/29/1336 120/29/1336 118/250/1336
f 1041/105/1337 1042/104/1337 127/104/1337 241/105/1337
f 1042/104/1338 1041/105/1338 242/105/1338 128/104/1338
f 1042/104/1339 1043/251/1339 125/251/1339 127/104/1339
f 1043/251/1340 1042/104/1340 128/104/1340 126/251/1340
f 1043/251/1341 1044/196/1341 243/196/1341 125/251/1341
f 1044/196/1342 1043/251/1342 126/251/1342 244/196/1342
f 1044/196/1343 1041/105/1343 241/105/1343 243/196/1343
f 1041/105/1344 1044/196/1344 244/196/1344 242/105/1344
f 1045/90/1345 1046/89/1345 371/89/1345 235/90/1345
f 1046/89/1346 1045/90/1346 236/90/1346 372/89/1346
f 1046/89/1347 1047/252/1347 369/252/1347 371/89/1347
f 1047/252/1348 1046/89/1348 372/89/1348 370/252/1348
f 1047/252/1349 1048/253/1349 237/253/1349 369/252/1349
f 1048/253/1350 1047/252/1350 370/252/1350 238/253/1350
f 1048/253/1351 1045/90/1351 235/90/1351 237/253/1351
f 1045/90/1352 1048/253/1352 238/253/1352 236/90/1352
f 1049/28/1353 1050/27/1353 367/27/1353 361/28/1353
f 1050/27/1354 1049/28/1354 362/28/1354 368/27/1354
f 1050/27/1355 1051/189/1355 371/189/1355 367/27/1355
f 1051/189/1356 1050/27/1356 368/27/1356 372/189/1356
f 1051/189/1357 1052/250/1357 363/250/1357 371/189/1357
f 1052/250/1358 1051/189/1358 372/189/1358 364/250/1358
f 1052/250/1359 1049/28/1359 361/28/1359 363/250/1359
f 1049/28/1360 1052/250/1360 364/250/1360 362/28/1360
f 1053/22/1361 1054/21/1361 305/21/1361 63/22/1361
f 1054/21/1362 1053/22/1362 64/22/1362 306/21/1362
f 1054/21/1363 1055/13/1363 303/13/1363 305/21/1363
f 1055/13/1364 1054/21/1364 306/21/1364 304/13/1364
f 1055/13/1365 1056/16/1365 57/16/1365 303/13/1365
f 1056/16/1366 1055/13/1366 304/13/1366 58/16/1366
f 1056/16/1367 1053/22/1367 63/22/1367 57/16/1367
f 1053/22/1368 1056/16/1368 58/16/1368 64/22/1368
f 1057/5/1369 1058/8/1369 49/8/1369 295/5/1369
f 1058/8/1370 1057/5/1370 296/5/1370 50/8/1370
f 1058/8/1371 1059/15/1371 55/15/1371 49/8/1371
f 1059/15/1372 1058/8/1372 50/8/1372 56/15/1372
f 1059/15/1373 1060/14/1373 297/14/1373 55/15/1373
f 1060/14/1374 1059/15/1374 56/15/1374 298/14/1374
f 1060/14/1375 1057/5/1375 295/5/1375 297/14/1375
f 1057/5/1376 1060/14/1376 298/14/1376 296/5/1376
f 1061/244/1377 1062/254/1377 249/254/1377 1/244/1377
f 1062/254/1378 1061/244/1378 2/244/1378 250/254/1378
f 1062/254/1379 1063/24/1379 247/24/1379 249/254/1379
f 1063/24/1380 1062/254/1380 250/254/1380 248/24/1380
f 1063/24/1381 1064/26/1381 3/26/1381 247/24/1381
f 1064/26/1382 1063/24/1382 248/24/1382 4/26/1382
f 1064/26/1383 1061/244/1383 1/244/1383 3/26/1383
f 1061/244/1384 1064/26/1384 4/26/1384 2/244/1384
f 1065/9/1385 1066/12/1385 113/12/1385 359/9/1385
f 1066/12/1386 1065/9/1386 360/9/1386 114/12/1386
f 1066/12/1387 1067/29/1387 119/29/1387 113/12/1387
f 1067/29/1388 1066/12/1388 114/12/1388 120/29/1388
f 1067/29/1389 1068/28/1389 361/28/1389 119/29/1389
f 1068/28/1390 1067/29/1390 120/29/1390 362/28/1390
f 1068/28/1391 1065/9/1391 359/9/1391 361/28/1391
f 1065/9/1392 1068/28/1392 362/28/1392 360/9/1392
f 1069/32/1393 1070/31/1393 313/31/1393 71/32/1393
f 1070/31/1394 1069/32/1394 72/32/1394 314/31/1394
f 1070/31/1395 1071/20/1395 311/20/1395 313/31/1395
f 1071/20/1396 1070/31/1396 314/31/1396 312/20/1396
f 1071/20/1397 1072/23/1397 65/23/1397 311/20/1397
f 1072/23/1398 1071/20/1398 312/20/1398 66/23/1398
f 1072/23/1399 1069/32/1399 71/32/1399 65/23/1399
f 1069/32/1400 1072/23/1400 66/23/1400 72/32/1400
f 1073/125/1401 1074/124/1401 257/124/1401 15/125/1401
f 1074/124/1402 1073/125/1402 16/125/1402 258/124/1402
f 1074/124/1403 1075/255/1403 255/255/1403 257/124/1403
f 1075/255/1404 1074/124/1404 258/124/1404 256/255/1404
f 1075/255/1405 1076/186/1405 9/186/1405 255/255/1405
f 1076/186/1406 1075/255/1406 256/255/1406 10/186/1406
f 1076/186/1407 1073/125/1407 15/125/1407 9/186/1407
f 1073/125/1408 1076/186/1408 10/186/1408 16/125/1408
f 1077/39/1409 1078/38/1409 321/38/1409 79/39/1409
f 1078/38/1410 1077/39/1410 80/39/1410 322/38/1410
f 1078/38/1411 1079/30/1411 319/30/1411 321/38/1411
f 1079/30/1412 1078/38/1412 322/38/1412 320/30/1412
f 1079/30/1413 1080/33/1413 73/33/1413 319/30/1413
f 1080/33/1414 1079/30/1414 320/30/1414 74/33/1414
f 1080/33/1415 1077/39/1415 79/39/1415 73/33/1415
f 1077/39/1416 1080/33/1416 74/33/1416 80/39/1416
f 1081/43/1417 1082/42/1417 265/42/1417 23/43/1417
f 1082/42/1418 1081/43/1418 24/43/1418 266/42/1418
f 1082/42/1419 1083/123/1419 263/123/1419 265/42/1419
f 1083/123/1420 1082/42/1420 266/42/1420 264/123/1420
f 1083/123/1421 1084/126/1421 17/126/1421 263/123/1421
f 1084/126/1422 1083/123/1422 264/123/1422 18/126/1422
f 1084/126/1423 1081/43/1423 23/43/1423 17/126/1423
f 1081/43/1424 1084/126/1424 18/126/1424 24/43/1424
f 1085/47/1425 1086/46/1425 329/46/1425 87/47/1425
f 1086/46/1426 1085/47/1426 88/47/1426 330/46/1426
f 1086/46/1427 1087/37/1427 327/37/1427 329/46/1427
f 1087/37/1428 1086/46/1428 330/46/1428 328/37/1428
f 1087/37/1429 1088/40/1429 81/40/1429 327/37/1429
f 1088/40/1430 1087/37/1430 328/37/1430 82/40/1430
f 1088/40/1431 1085/47/1431 87/47/1431 81/40/1431
f 1085/47/1432 1088/40/1432 82/40/1432 88/47/1432
f 1089/51/1433 1090/50/1433 273/50/1433 31/51/1433
f 1090/50/1434 1089/51/1434 32/51/1434 274/50/1434
f 1090/50/1435 1091/41/1435 271/41/1435 273/50/1435
f 1091/41/1436 1090/50/1436 274/50/1436 272/41/1436
f 1091/41/1437 1092/44/1437 25/44/1437 271/41/1437
f 1092/44/1438 1091/41/1438 272/41/1438 26/44/1438
f 1092/44/1439 1089/51/1439 31/51/1439 25/44/1439
f 1089/51/1440 1092/44/1440 26/44/1440 32/51/1440
f 1093/55/1441 1094/54/1441 337/54/1441 95/55/1441
f 1094/54/1442 1093/55/1442 96/55/1442 338/54/1442
f 1094/54/1443 1095/45/1443 335/45/1443 337/54/1443
f 1095/45/1444 1094/54/1444 338/54/1444 336/45/1444
f 1095/45/1445 1096/48/1445 89/48/1445 335/45/1445
f 1096/48/1446 1095/45/1446 336/45/1446 90/48/1446
f 1096/48/1447 1093/55/1447 95/55/1447 89/48/1447
f 1093/55/1448 1096/48/1448 90/48/1448 96/55/1448
f 1097/59/1449 1098/58/1449 281/58/1449 39/59/1449
f 1098/58/1450 1097/59/1450 40/59/1450 282/58/1450
f 1098/58/1451 1099/49/1451 279/49/1451 281/58/1451
f 1099/49/1452 1098/58/1452 282/58/1452 280/49/1452
f 1099/49/1453 1100/52/1453 33/52/1453 279/49/1453
f 1100/52/1454 1099/49/1454 280/49/1454 34/52/1454
f 1100/52/1455 1097/59/1455 39/59/1455 33/52/1455
f 1097/59/1456 1100/52/1456 34/52/1456 40/59/1456
f 1101/3/1457 1102/2/1457 345/2/1457 103/3/1457
f 1102/2/1458 1101/3/1458 104/3/1458 346/2/1458
f 1102/2/1459 1103/53/1459 343/53/1459 345/2/1459
f 1103/53/1460 1102/2/1460 346/2/1460 344/53/1460
f 1103/53/1461 1104/56/1461 97/56/1461 343/53/1461
f 1104/56/1462 1103/53/1462 344/53/1462 98/56/1462
f 1104/56/1463 1101/3/1463 103/3/1463 97/56/1463
f 1101/3/1464 1104/56/1464 98/56/1464 104/3/1464
f 1105/7/1465 1106/6/1465 289/6/1465 47/7/1465
f 1106/6/1466 1105/7/1466 48/7/1466 290/6/1466
f 1106/6/1467 1107/57/1467 287/57/1467 289/6/1467
f 1107/57/1468 1106/6/1468 290/6/1468 288/57/1468
f 1107/57/1469 1108/60/1469 41/60/1469 287/57/1469
f 1108/60/1470 1107/57/1470 288/57/1470 42/60/1470
f 1108/60/1471 1105/7/1471 47/7/1471 41/60/1471
f 1105/7/1472 1108/60/1472 42/60/1472 48/7/1472
f 1109/11/1473 1110/10/1473 353/10/1473 111/11/1473
f 1110/10/1474 1109/11/1474 112/11/1474 354/10/1474
f 1110/10/1475 1111/1/1475 351/1/1475 353/10/1475
f 1111/1/1476 1110/10/1476 354/10/1476 352/1/1476
f 1111/1/1477 1112/4/1477 105/4/1477 351/1/1477
f 1112/4/1478 1111/1/1478 352/1/1478 106/4/1478
f 1112/4/1479 1109/11/1479 111/11/1479 105/4/1479
f 1109/11/1480 1112/4/1480 106/4/1480 112/11/1480
f 1113/255/1481 1114/254/1481 249/254/1481 255/255/1481
f 1114/254/1482 1113/255/1482 256/255/1482 250/254/1482
f 1114/254/1483 1115/244/1483 1/244/1483 249/254/1483
f 1115/244/1484 1114/254/1484 250/254/1484 2/244/1484
f 1115/244/1485 1116/186/1485 9/186/1485 1/244/1485
f 1116/186/1486 1115/244/1486 2/244/1486 10/186/1486
f 1116/186/1487 1113/255/1487 255/255/1487 9/186/1487
f 1113/255/1488 1116/186/1488 10/186/1488 256/255/1488
